State,rank-98,MPI_STATE,0.000000,0.000000,0.000000,0.000000,PMPI_Init
State,rank-98,MPI_STATE,0.000026,0.000250,0.000224,0.000000,PMPI_Barrier
State,rank-98,MPI_STATE,0.000254,0.002900,0.002646,0.000000,PMPI_Bcast
State,rank-98,MPI_STATE,0.006125,0.006125,0.000000,0.000000,PMPI_Reduce
State,rank-98,MPI_STATE,0.006127,0.006127,0.000000,0.000000,PMPI_Reduce
State,rank-98,MPI_STATE,0.006129,0.006604,0.000475,0.000000,PMPI_Barrier
State,rank-98,MPI_STATE,0.006606,0.006606,0.000000,0.000000,PMPI_Finalize
State,rank-97,MPI_STATE,0.000000,0.000000,0.000000,0.000000,PMPI_Init
State,rank-97,MPI_STATE,0.000026,0.000250,0.000224,0.000000,PMPI_Barrier
State,rank-97,MPI_STATE,0.000253,0.002900,0.002647,0.000000,PMPI_Bcast
State,rank-97,MPI_STATE,0.006187,0.006187,0.000000,0.000000,PMPI_Reduce
State,rank-97,MPI_STATE,0.006190,0.006190,0.000000,0.000000,PMPI_Reduce
State,rank-97,MPI_STATE,0.006191,0.006604,0.000413,0.000000,PMPI_Barrier
State,rank-97,MPI_STATE,0.006606,0.006606,0.000000,0.000000,PMPI_Finalize
State,rank-96,MPI_STATE,0.000000,0.000000,0.000000,0.000000,PMPI_Init
State,rank-96,MPI_STATE,0.000028,0.000250,0.000222,0.000000,PMPI_Barrier
State,rank-96,MPI_STATE,0.000254,0.002900,0.002646,0.000000,PMPI_Bcast
State,rank-96,MPI_STATE,0.006094,0.006094,0.000000,0.000000,PMPI_Reduce
State,rank-96,MPI_STATE,0.006096,0.006096,0.000000,0.000000,PMPI_Reduce
State,rank-96,MPI_STATE,0.006098,0.006604,0.000506,0.000000,PMPI_Barrier
State,rank-96,MPI_STATE,0.006605,0.006605,0.000000,0.000000,PMPI_Finalize
State,rank-95,MPI_STATE,0.000000,0.000000,0.000000,0.000000,PMPI_Init
State,rank-95,MPI_STATE,0.000026,0.000250,0.000224,0.000000,PMPI_Barrier
State,rank-95,MPI_STATE,0.000254,0.002900,0.002646,0.000000,PMPI_Bcast
State,rank-95,MPI_STATE,0.006174,0.006174,0.000000,0.000000,PMPI_Reduce
State,rank-95,MPI_STATE,0.006176,0.006176,0.000000,0.000000,PMPI_Reduce
State,rank-95,MPI_STATE,0.006178,0.006604,0.000426,0.000000,PMPI_Barrier
State,rank-95,MPI_STATE,0.006605,0.006605,0.000000,0.000000,PMPI_Finalize
State,rank-94,MPI_STATE,0.000000,0.000000,0.000000,0.000000,PMPI_Init
State,rank-94,MPI_STATE,0.000027,0.000250,0.000223,0.000000,PMPI_Barrier
State,rank-94,MPI_STATE,0.000253,0.002900,0.002647,0.000000,PMPI_Bcast
State,rank-94,MPI_STATE,0.006101,0.006101,0.000000,0.000000,PMPI_Reduce
State,rank-94,MPI_STATE,0.006105,0.006105,0.000000,0.000000,PMPI_Reduce
State,rank-94,MPI_STATE,0.006107,0.006604,0.000497,0.000000,PMPI_Barrier
State,rank-94,MPI_STATE,0.006606,0.006606,0.000000,0.000000,PMPI_Finalize
State,rank-93,MPI_STATE,0.000000,0.000000,0.000000,0.000000,PMPI_Init
State,rank-93,MPI_STATE,0.000026,0.000250,0.000224,0.000000,PMPI_Barrier
State,rank-93,MPI_STATE,0.000253,0.002900,0.002647,0.000000,PMPI_Bcast
State,rank-93,MPI_STATE,0.006302,0.006302,0.000000,0.000000,PMPI_Reduce
State,rank-93,MPI_STATE,0.006304,0.006304,0.000000,0.000000,PMPI_Reduce
State,rank-93,MPI_STATE,0.006306,0.006604,0.000298,0.000000,PMPI_Barrier
State,rank-93,MPI_STATE,0.006605,0.006605,0.000000,0.000000,PMPI_Finalize
State,rank-92,MPI_STATE,0.000000,0.000000,0.000000,0.000000,PMPI_Init
State,rank-92,MPI_STATE,0.000027,0.000250,0.000223,0.000000,PMPI_Barrier
State,rank-92,MPI_STATE,0.000254,0.002900,0.002646,0.000000,PMPI_Bcast
State,rank-92,MPI_STATE,0.005949,0.005949,0.000000,0.000000,PMPI_Reduce
State,rank-92,MPI_STATE,0.005951,0.005951,0.000000,0.000000,PMPI_Reduce
State,rank-92,MPI_STATE,0.005953,0.006604,0.000651,0.000000,PMPI_Barrier
State,rank-92,MPI_STATE,0.006606,0.006606,0.000000,0.000000,PMPI_Finalize
State,rank-91,MPI_STATE,0.000000,0.000000,0.000000,0.000000,PMPI_Init
State,rank-91,MPI_STATE,0.000026,0.000250,0.000224,0.000000,PMPI_Barrier
State,rank-91,MPI_STATE,0.000253,0.002900,0.002647,0.000000,PMPI_Bcast
State,rank-91,MPI_STATE,0.006273,0.006273,0.000000,0.000000,PMPI_Reduce
State,rank-91,MPI_STATE,0.006275,0.006275,0.000000,0.000000,PMPI_Reduce
State,rank-91,MPI_STATE,0.006276,0.006604,0.000328,0.000000,PMPI_Barrier
State,rank-91,MPI_STATE,0.006605,0.006605,0.000000,0.000000,PMPI_Finalize
State,rank-90,MPI_STATE,0.000000,0.000000,0.000000,0.000000,PMPI_Init
State,rank-90,MPI_STATE,0.000026,0.000250,0.000224,0.000000,PMPI_Barrier
State,rank-90,MPI_STATE,0.000253,0.002900,0.002647,0.000000,PMPI_Bcast
State,rank-90,MPI_STATE,0.005922,0.005922,0.000000,0.000000,PMPI_Reduce
State,rank-90,MPI_STATE,0.005924,0.005924,0.000000,0.000000,PMPI_Reduce
State,rank-90,MPI_STATE,0.005926,0.006604,0.000678,0.000000,PMPI_Barrier
State,rank-90,MPI_STATE,0.006606,0.006606,0.000000,0.000000,PMPI_Finalize
State,rank-89,MPI_STATE,0.000000,0.000000,0.000000,0.000000,PMPI_Init
State,rank-89,MPI_STATE,0.000027,0.000250,0.000223,0.000000,PMPI_Barrier
State,rank-89,MPI_STATE,0.000253,0.002900,0.002647,0.000000,PMPI_Bcast
State,rank-89,MPI_STATE,0.006171,0.006171,0.000000,0.000000,PMPI_Reduce
State,rank-89,MPI_STATE,0.006174,0.006174,0.000000,0.000000,PMPI_Reduce
State,rank-89,MPI_STATE,0.006175,0.006604,0.000429,0.000000,PMPI_Barrier
State,rank-89,MPI_STATE,0.006605,0.006605,0.000000,0.000000,PMPI_Finalize
State,rank-8,MPI_STATE,0.000000,0.000000,0.000000,0.000000,PMPI_Init
State,rank-8,MPI_STATE,0.000028,0.000249,0.000221,0.000000,PMPI_Barrier
State,rank-8,MPI_STATE,0.000254,0.002900,0.002646,0.000000,PMPI_Bcast
State,rank-8,MPI_STATE,0.005960,0.005960,0.000000,0.000000,PMPI_Reduce
State,rank-8,MPI_STATE,0.005962,0.005962,0.000000,0.000000,PMPI_Reduce
State,rank-8,MPI_STATE,0.005964,0.006603,0.000639,0.000000,PMPI_Barrier
State,rank-8,MPI_STATE,0.006605,0.006605,0.000000,0.000000,PMPI_Finalize
State,rank-88,MPI_STATE,0.000000,0.000000,0.000000,0.000000,PMPI_Init
State,rank-88,MPI_STATE,0.000026,0.000250,0.000224,0.000000,PMPI_Barrier
State,rank-88,MPI_STATE,0.000252,0.002900,0.002648,0.000000,PMPI_Bcast
State,rank-88,MPI_STATE,0.006014,0.006014,0.000000,0.000000,PMPI_Reduce
State,rank-88,MPI_STATE,0.006016,0.006016,0.000000,0.000000,PMPI_Reduce
State,rank-88,MPI_STATE,0.006018,0.006604,0.000586,0.000000,PMPI_Barrier
State,rank-88,MPI_STATE,0.006606,0.006606,0.000000,0.000000,PMPI_Finalize
State,rank-87,MPI_STATE,0.000000,0.000000,0.000000,0.000000,PMPI_Init
State,rank-87,MPI_STATE,0.000027,0.000250,0.000223,0.000000,PMPI_Barrier
State,rank-87,MPI_STATE,0.000254,0.002900,0.002646,0.000000,PMPI_Bcast
State,rank-87,MPI_STATE,0.006235,0.006235,0.000000,0.000000,PMPI_Reduce
State,rank-87,MPI_STATE,0.006237,0.006237,0.000000,0.000000,PMPI_Reduce
State,rank-87,MPI_STATE,0.006239,0.006604,0.000365,0.000000,PMPI_Barrier
State,rank-87,MPI_STATE,0.006606,0.006606,0.000000,0.000000,PMPI_Finalize
State,rank-86,MPI_STATE,0.000000,0.000000,0.000000,0.000000,PMPI_Init
State,rank-86,MPI_STATE,0.000027,0.000250,0.000223,0.000000,PMPI_Barrier
State,rank-86,MPI_STATE,0.000254,0.002900,0.002646,0.000000,PMPI_Bcast
State,rank-86,MPI_STATE,0.005946,0.005946,0.000000,0.000000,PMPI_Reduce
State,rank-86,MPI_STATE,0.005948,0.005948,0.000000,0.000000,PMPI_Reduce
State,rank-86,MPI_STATE,0.005950,0.006604,0.000654,0.000000,PMPI_Barrier
State,rank-86,MPI_STATE,0.006606,0.006606,0.000000,0.000000,PMPI_Finalize
State,rank-85,MPI_STATE,0.000000,0.000000,0.000000,0.000000,PMPI_Init
State,rank-85,MPI_STATE,0.000027,0.000250,0.000223,0.000000,PMPI_Barrier
State,rank-85,MPI_STATE,0.000253,0.002900,0.002647,0.000000,PMPI_Bcast
State,rank-85,MPI_STATE,0.006317,0.006317,0.000000,0.000000,PMPI_Reduce
State,rank-85,MPI_STATE,0.006319,0.006319,0.000000,0.000000,PMPI_Reduce
State,rank-85,MPI_STATE,0.006321,0.006604,0.000283,0.000000,PMPI_Barrier
State,rank-85,MPI_STATE,0.006606,0.006606,0.000000,0.000000,PMPI_Finalize
State,rank-84,MPI_STATE,0.000000,0.000000,0.000000,0.000000,PMPI_Init
State,rank-84,MPI_STATE,0.000027,0.000250,0.000223,0.000000,PMPI_Barrier
State,rank-84,MPI_STATE,0.000254,0.002900,0.002646,0.000000,PMPI_Bcast
State,rank-84,MPI_STATE,0.005959,0.005959,0.000000,0.000000,PMPI_Reduce
State,rank-84,MPI_STATE,0.005962,0.005962,0.000000,0.000000,PMPI_Reduce
State,rank-84,MPI_STATE,0.005964,0.006604,0.000640,0.000000,PMPI_Barrier
State,rank-84,MPI_STATE,0.006606,0.006606,0.000000,0.000000,PMPI_Finalize
State,rank-83,MPI_STATE,0.000000,0.000000,0.000000,0.000000,PMPI_Init
State,rank-83,MPI_STATE,0.000026,0.000250,0.000224,0.000000,PMPI_Barrier
State,rank-83,MPI_STATE,0.000254,0.002900,0.002646,0.000000,PMPI_Bcast
State,rank-83,MPI_STATE,0.006181,0.006181,0.000000,0.000000,PMPI_Reduce
State,rank-83,MPI_STATE,0.006183,0.006183,0.000000,0.000000,PMPI_Reduce
State,rank-83,MPI_STATE,0.006184,0.006604,0.000420,0.000000,PMPI_Barrier
State,rank-83,MPI_STATE,0.006606,0.006606,0.000000,0.000000,PMPI_Finalize
State,rank-82,MPI_STATE,0.000000,0.000000,0.000000,0.000000,PMPI_Init
State,rank-82,MPI_STATE,0.000027,0.000250,0.000223,0.000000,PMPI_Barrier
State,rank-82,MPI_STATE,0.000254,0.002900,0.002646,0.000000,PMPI_Bcast
State,rank-82,MPI_STATE,0.005934,0.005934,0.000000,0.000000,PMPI_Reduce
State,rank-82,MPI_STATE,0.005936,0.005936,0.000000,0.000000,PMPI_Reduce
State,rank-82,MPI_STATE,0.005938,0.006604,0.000666,0.000000,PMPI_Barrier
State,rank-82,MPI_STATE,0.006605,0.006605,0.000000,0.000000,PMPI_Finalize
State,rank-81,MPI_STATE,0.000000,0.000000,0.000000,0.000000,PMPI_Init
State,rank-81,MPI_STATE,0.000027,0.000250,0.000223,0.000000,PMPI_Barrier
State,rank-81,MPI_STATE,0.000254,0.002900,0.002646,0.000000,PMPI_Bcast
State,rank-81,MPI_STATE,0.006317,0.006317,0.000000,0.000000,PMPI_Reduce
State,rank-81,MPI_STATE,0.006319,0.006319,0.000000,0.000000,PMPI_Reduce
State,rank-81,MPI_STATE,0.006321,0.006604,0.000283,0.000000,PMPI_Barrier
State,rank-81,MPI_STATE,0.006606,0.006606,0.000000,0.000000,PMPI_Finalize
State,rank-80,MPI_STATE,0.000000,0.000000,0.000000,0.000000,PMPI_Init
State,rank-80,MPI_STATE,0.000026,0.000250,0.000224,0.000000,PMPI_Barrier
State,rank-80,MPI_STATE,0.000253,0.002900,0.002647,0.000000,PMPI_Bcast
State,rank-80,MPI_STATE,0.006227,0.006227,0.000000,0.000000,PMPI_Reduce
State,rank-80,MPI_STATE,0.006229,0.006229,0.000000,0.000000,PMPI_Reduce
State,rank-80,MPI_STATE,0.006230,0.006604,0.000374,0.000000,PMPI_Barrier
State,rank-80,MPI_STATE,0.006606,0.006606,0.000000,0.000000,PMPI_Finalize
State,rank-79,MPI_STATE,0.000000,0.000000,0.000000,0.000000,PMPI_Init
State,rank-79,MPI_STATE,0.000026,0.000250,0.000224,0.000000,PMPI_Barrier
State,rank-79,MPI_STATE,0.000252,0.002900,0.002648,0.000000,PMPI_Bcast
State,rank-79,MPI_STATE,0.006595,0.006595,0.000000,0.000000,PMPI_Reduce
State,rank-79,MPI_STATE,0.006597,0.006597,0.000000,0.000000,PMPI_Reduce
State,rank-79,MPI_STATE,0.006600,0.006604,0.000004,0.000000,PMPI_Barrier
State,rank-79,MPI_STATE,0.006606,0.006606,0.000000,0.000000,PMPI_Finalize
State,rank-7,MPI_STATE,0.000000,0.000000,0.000000,0.000000,PMPI_Init
State,rank-7,MPI_STATE,0.000026,0.000249,0.000223,0.000000,PMPI_Barrier
State,rank-7,MPI_STATE,0.000252,0.002900,0.002648,0.000000,PMPI_Bcast
State,rank-7,MPI_STATE,0.006180,0.006180,0.000000,0.000000,PMPI_Reduce
State,rank-7,MPI_STATE,0.006182,0.006182,0.000000,0.000000,PMPI_Reduce
State,rank-7,MPI_STATE,0.006183,0.006603,0.000420,0.000000,PMPI_Barrier
State,rank-7,MPI_STATE,0.006605,0.006605,0.000000,0.000000,PMPI_Finalize
State,rank-78,MPI_STATE,0.000000,0.000000,0.000000,0.000000,PMPI_Init
State,rank-78,MPI_STATE,0.000026,0.000250,0.000224,0.000000,PMPI_Barrier
State,rank-78,MPI_STATE,0.000254,0.002900,0.002646,0.000000,PMPI_Bcast
State,rank-78,MPI_STATE,0.006066,0.006066,0.000000,0.000000,PMPI_Reduce
State,rank-78,MPI_STATE,0.006069,0.006069,0.000000,0.000000,PMPI_Reduce
State,rank-78,MPI_STATE,0.006071,0.006604,0.000533,0.000000,PMPI_Barrier
State,rank-78,MPI_STATE,0.006606,0.006606,0.000000,0.000000,PMPI_Finalize
State,rank-77,MPI_STATE,0.000000,0.000000,0.000000,0.000000,PMPI_Init
State,rank-77,MPI_STATE,0.000030,0.000250,0.000220,0.000000,PMPI_Barrier
State,rank-77,MPI_STATE,0.000254,0.002900,0.002646,0.000000,PMPI_Bcast
State,rank-77,MPI_STATE,0.006235,0.006235,0.000000,0.000000,PMPI_Reduce
State,rank-77,MPI_STATE,0.006237,0.006237,0.000000,0.000000,PMPI_Reduce
State,rank-77,MPI_STATE,0.006239,0.006604,0.000365,0.000000,PMPI_Barrier
State,rank-77,MPI_STATE,0.006606,0.006606,0.000000,0.000000,PMPI_Finalize
State,rank-76,MPI_STATE,0.000000,0.000000,0.000000,0.000000,PMPI_Init
State,rank-76,MPI_STATE,0.000028,0.000250,0.000222,0.000000,PMPI_Barrier
State,rank-76,MPI_STATE,0.000254,0.002900,0.002646,0.000000,PMPI_Bcast
State,rank-76,MPI_STATE,0.006026,0.006026,0.000000,0.000000,PMPI_Reduce
State,rank-76,MPI_STATE,0.006027,0.006027,0.000000,0.000000,PMPI_Reduce
State,rank-76,MPI_STATE,0.006028,0.006604,0.000576,0.000000,PMPI_Barrier
State,rank-76,MPI_STATE,0.006606,0.006606,0.000000,0.000000,PMPI_Finalize
State,rank-75,MPI_STATE,0.000000,0.000000,0.000000,0.000000,PMPI_Init
State,rank-75,MPI_STATE,0.000026,0.000250,0.000224,0.000000,PMPI_Barrier
State,rank-75,MPI_STATE,0.000252,0.002900,0.002648,0.000000,PMPI_Bcast
State,rank-75,MPI_STATE,0.006406,0.006406,0.000000,0.000000,PMPI_Reduce
State,rank-75,MPI_STATE,0.006409,0.006409,0.000000,0.000000,PMPI_Reduce
State,rank-75,MPI_STATE,0.006411,0.006604,0.000193,0.000000,PMPI_Barrier
State,rank-75,MPI_STATE,0.006605,0.006605,0.000000,0.000000,PMPI_Finalize
State,rank-74,MPI_STATE,0.000000,0.000000,0.000000,0.000000,PMPI_Init
State,rank-74,MPI_STATE,0.000026,0.000250,0.000224,0.000000,PMPI_Barrier
State,rank-74,MPI_STATE,0.000254,0.002900,0.002646,0.000000,PMPI_Bcast
State,rank-74,MPI_STATE,0.005939,0.005939,0.000000,0.000000,PMPI_Reduce
State,rank-74,MPI_STATE,0.005941,0.005941,0.000000,0.000000,PMPI_Reduce
State,rank-74,MPI_STATE,0.005943,0.006604,0.000661,0.000000,PMPI_Barrier
State,rank-74,MPI_STATE,0.006606,0.006606,0.000000,0.000000,PMPI_Finalize
State,rank-73,MPI_STATE,0.000000,0.000000,0.000000,0.000000,PMPI_Init
State,rank-73,MPI_STATE,0.000026,0.000250,0.000224,0.000000,PMPI_Barrier
State,rank-73,MPI_STATE,0.000253,0.002900,0.002647,0.000000,PMPI_Bcast
State,rank-73,MPI_STATE,0.006284,0.006284,0.000000,0.000000,PMPI_Reduce
State,rank-73,MPI_STATE,0.006286,0.006286,0.000000,0.000000,PMPI_Reduce
State,rank-73,MPI_STATE,0.006288,0.006604,0.000316,0.000000,PMPI_Barrier
State,rank-73,MPI_STATE,0.006605,0.006605,0.000000,0.000000,PMPI_Finalize
State,rank-72,MPI_STATE,0.000000,0.000000,0.000000,0.000000,PMPI_Init
State,rank-72,MPI_STATE,0.000027,0.000250,0.000223,0.000000,PMPI_Barrier
State,rank-72,MPI_STATE,0.000254,0.002900,0.002646,0.000000,PMPI_Bcast
State,rank-72,MPI_STATE,0.006018,0.006018,0.000000,0.000000,PMPI_Reduce
State,rank-72,MPI_STATE,0.006020,0.006020,0.000000,0.000000,PMPI_Reduce
State,rank-72,MPI_STATE,0.006021,0.006604,0.000583,0.000000,PMPI_Barrier
State,rank-72,MPI_STATE,0.006606,0.006606,0.000000,0.000000,PMPI_Finalize
State,rank-71,MPI_STATE,0.000000,0.000000,0.000000,0.000000,PMPI_Init
State,rank-71,MPI_STATE,0.000026,0.000250,0.000224,0.000000,PMPI_Barrier
State,rank-71,MPI_STATE,0.000252,0.002900,0.002648,0.000000,PMPI_Bcast
State,rank-71,MPI_STATE,0.006391,0.006391,0.000000,0.000000,PMPI_Reduce
State,rank-71,MPI_STATE,0.006393,0.006393,0.000000,0.000000,PMPI_Reduce
State,rank-71,MPI_STATE,0.006395,0.006604,0.000209,0.000000,PMPI_Barrier
State,rank-71,MPI_STATE,0.006606,0.006606,0.000000,0.000000,PMPI_Finalize
State,rank-70,MPI_STATE,0.000000,0.000000,0.000000,0.000000,PMPI_Init
State,rank-70,MPI_STATE,0.000027,0.000250,0.000223,0.000000,PMPI_Barrier
State,rank-70,MPI_STATE,0.000254,0.002900,0.002646,0.000000,PMPI_Bcast
State,rank-70,MPI_STATE,0.005955,0.005955,0.000000,0.000000,PMPI_Reduce
State,rank-70,MPI_STATE,0.005957,0.005957,0.000000,0.000000,PMPI_Reduce
State,rank-70,MPI_STATE,0.005958,0.006604,0.000646,0.000000,PMPI_Barrier
State,rank-70,MPI_STATE,0.006606,0.006606,0.000000,0.000000,PMPI_Finalize
State,rank-69,MPI_STATE,0.000000,0.000000,0.000000,0.000000,PMPI_Init
State,rank-69,MPI_STATE,0.000027,0.000250,0.000223,0.000000,PMPI_Barrier
State,rank-69,MPI_STATE,0.000254,0.002900,0.002646,0.000000,PMPI_Bcast
State,rank-69,MPI_STATE,0.006337,0.006337,0.000000,0.000000,PMPI_Reduce
State,rank-69,MPI_STATE,0.006339,0.006339,0.000000,0.000000,PMPI_Reduce
State,rank-69,MPI_STATE,0.006341,0.006604,0.000263,0.000000,PMPI_Barrier
State,rank-69,MPI_STATE,0.006606,0.006606,0.000000,0.000000,PMPI_Finalize
State,rank-6,MPI_STATE,0.000000,0.000000,0.000000,0.000000,PMPI_Init
State,rank-6,MPI_STATE,0.000027,0.000249,0.000222,0.000000,PMPI_Barrier
State,rank-6,MPI_STATE,0.000253,0.002900,0.002647,0.000000,PMPI_Bcast
State,rank-6,MPI_STATE,0.005932,0.005932,0.000000,0.000000,PMPI_Reduce
State,rank-6,MPI_STATE,0.005935,0.005935,0.000000,0.000000,PMPI_Reduce
State,rank-6,MPI_STATE,0.005937,0.006603,0.000666,0.000000,PMPI_Barrier
State,rank-6,MPI_STATE,0.006605,0.006605,0.000000,0.000000,PMPI_Finalize
State,rank-68,MPI_STATE,0.000000,0.000000,0.000000,0.000000,PMPI_Init
State,rank-68,MPI_STATE,0.000025,0.000250,0.000225,0.000000,PMPI_Barrier
State,rank-68,MPI_STATE,0.000253,0.002900,0.002647,0.000000,PMPI_Bcast
State,rank-68,MPI_STATE,0.005913,0.005913,0.000000,0.000000,PMPI_Reduce
State,rank-68,MPI_STATE,0.005915,0.005915,0.000000,0.000000,PMPI_Reduce
State,rank-68,MPI_STATE,0.005917,0.006604,0.000687,0.000000,PMPI_Barrier
State,rank-68,MPI_STATE,0.006606,0.006606,0.000000,0.000000,PMPI_Finalize
State,rank-67,MPI_STATE,0.000000,0.000000,0.000000,0.000000,PMPI_Init
State,rank-67,MPI_STATE,0.000027,0.000250,0.000223,0.000000,PMPI_Barrier
State,rank-67,MPI_STATE,0.000255,0.002900,0.002645,0.000000,PMPI_Bcast
State,rank-67,MPI_STATE,0.006406,0.006406,0.000000,0.000000,PMPI_Reduce
State,rank-67,MPI_STATE,0.006409,0.006409,0.000000,0.000000,PMPI_Reduce
State,rank-67,MPI_STATE,0.006411,0.006604,0.000193,0.000000,PMPI_Barrier
State,rank-67,MPI_STATE,0.006605,0.006605,0.000000,0.000000,PMPI_Finalize
State,rank-66,MPI_STATE,0.000000,0.000000,0.000000,0.000000,PMPI_Init
State,rank-66,MPI_STATE,0.000026,0.000250,0.000224,0.000000,PMPI_Barrier
State,rank-66,MPI_STATE,0.000254,0.002900,0.002646,0.000000,PMPI_Bcast
State,rank-66,MPI_STATE,0.006008,0.006008,0.000000,0.000000,PMPI_Reduce
State,rank-66,MPI_STATE,0.006012,0.006012,0.000000,0.000000,PMPI_Reduce
State,rank-66,MPI_STATE,0.006014,0.006604,0.000590,0.000000,PMPI_Barrier
State,rank-66,MPI_STATE,0.006606,0.006606,0.000000,0.000000,PMPI_Finalize
State,rank-65,MPI_STATE,0.000000,0.000000,0.000000,0.000000,PMPI_Init
State,rank-65,MPI_STATE,0.000026,0.000250,0.000224,0.000000,PMPI_Barrier
State,rank-65,MPI_STATE,0.000253,0.002900,0.002647,0.000000,PMPI_Bcast
State,rank-65,MPI_STATE,0.006370,0.006370,0.000000,0.000000,PMPI_Reduce
State,rank-65,MPI_STATE,0.006372,0.006372,0.000000,0.000000,PMPI_Reduce
State,rank-65,MPI_STATE,0.006375,0.006604,0.000229,0.000000,PMPI_Barrier
State,rank-65,MPI_STATE,0.006606,0.006606,0.000000,0.000000,PMPI_Finalize
State,rank-64,MPI_STATE,0.000000,0.000000,0.000000,0.000000,PMPI_Init
State,rank-64,MPI_STATE,0.000027,0.000250,0.000223,0.000000,PMPI_Barrier
State,rank-64,MPI_STATE,0.000254,0.002900,0.002646,0.000000,PMPI_Bcast
State,rank-64,MPI_STATE,0.005946,0.005946,0.000000,0.000000,PMPI_Reduce
State,rank-64,MPI_STATE,0.005948,0.005948,0.000000,0.000000,PMPI_Reduce
State,rank-64,MPI_STATE,0.005950,0.006604,0.000654,0.000000,PMPI_Barrier
State,rank-64,MPI_STATE,0.006606,0.006606,0.000000,0.000000,PMPI_Finalize
State,rank-63,MPI_STATE,0.000000,0.000000,0.000000,0.000000,PMPI_Init
State,rank-63,MPI_STATE,0.000027,0.000250,0.000223,0.000000,PMPI_Barrier
State,rank-63,MPI_STATE,0.000253,0.002900,0.002647,0.000000,PMPI_Bcast
State,rank-63,MPI_STATE,0.006179,0.006179,0.000000,0.000000,PMPI_Reduce
State,rank-63,MPI_STATE,0.006181,0.006181,0.000000,0.000000,PMPI_Reduce
State,rank-63,MPI_STATE,0.006182,0.006604,0.000422,0.000000,PMPI_Barrier
State,rank-63,MPI_STATE,0.006606,0.006606,0.000000,0.000000,PMPI_Finalize
State,rank-62,MPI_STATE,0.000000,0.000000,0.000000,0.000000,PMPI_Init
State,rank-62,MPI_STATE,0.000027,0.000250,0.000223,0.000000,PMPI_Barrier
State,rank-62,MPI_STATE,0.000254,0.002900,0.002646,0.000000,PMPI_Bcast
State,rank-62,MPI_STATE,0.006130,0.006130,0.000000,0.000000,PMPI_Reduce
State,rank-62,MPI_STATE,0.006133,0.006133,0.000000,0.000000,PMPI_Reduce
State,rank-62,MPI_STATE,0.006134,0.006604,0.000470,0.000000,PMPI_Barrier
State,rank-62,MPI_STATE,0.006606,0.006606,0.000000,0.000000,PMPI_Finalize
State,rank-61,MPI_STATE,0.000000,0.000000,0.000000,0.000000,PMPI_Init
State,rank-61,MPI_STATE,0.000026,0.000250,0.000224,0.000000,PMPI_Barrier
State,rank-61,MPI_STATE,0.000253,0.002900,0.002647,0.000000,PMPI_Bcast
State,rank-61,MPI_STATE,0.006287,0.006287,0.000000,0.000000,PMPI_Reduce
State,rank-61,MPI_STATE,0.006289,0.006289,0.000000,0.000000,PMPI_Reduce
State,rank-61,MPI_STATE,0.006290,0.006604,0.000314,0.000000,PMPI_Barrier
State,rank-61,MPI_STATE,0.006606,0.006606,0.000000,0.000000,PMPI_Finalize
State,rank-60,MPI_STATE,0.000000,0.000000,0.000000,0.000000,PMPI_Init
State,rank-60,MPI_STATE,0.000026,0.000250,0.000224,0.000000,PMPI_Barrier
State,rank-60,MPI_STATE,0.000254,0.002900,0.002646,0.000000,PMPI_Bcast
State,rank-60,MPI_STATE,0.006107,0.006107,0.000000,0.000000,PMPI_Reduce
State,rank-60,MPI_STATE,0.006110,0.006110,0.000000,0.000000,PMPI_Reduce
State,rank-60,MPI_STATE,0.006112,0.006604,0.000492,0.000000,PMPI_Barrier
State,rank-60,MPI_STATE,0.006606,0.006606,0.000000,0.000000,PMPI_Finalize
State,rank-59,MPI_STATE,0.000000,0.000000,0.000000,0.000000,PMPI_Init
State,rank-59,MPI_STATE,0.000027,0.000250,0.000223,0.000000,PMPI_Barrier
State,rank-59,MPI_STATE,0.000253,0.002900,0.002647,0.000000,PMPI_Bcast
State,rank-59,MPI_STATE,0.006308,0.006308,0.000000,0.000000,PMPI_Reduce
State,rank-59,MPI_STATE,0.006311,0.006311,0.000000,0.000000,PMPI_Reduce
State,rank-59,MPI_STATE,0.006314,0.006604,0.000290,0.000000,PMPI_Barrier
State,rank-59,MPI_STATE,0.006606,0.006606,0.000000,0.000000,PMPI_Finalize
State,rank-5,MPI_STATE,0.000000,0.000000,0.000000,0.000000,PMPI_Init
State,rank-5,MPI_STATE,0.000028,0.000249,0.000221,0.000000,PMPI_Barrier
State,rank-5,MPI_STATE,0.000252,0.002900,0.002648,0.000000,PMPI_Bcast
State,rank-5,MPI_STATE,0.006188,0.006188,0.000000,0.000000,PMPI_Reduce
State,rank-5,MPI_STATE,0.006190,0.006190,0.000000,0.000000,PMPI_Reduce
State,rank-5,MPI_STATE,0.006192,0.006603,0.000411,0.000000,PMPI_Barrier
State,rank-5,MPI_STATE,0.006604,0.006604,0.000000,0.000000,PMPI_Finalize
State,rank-58,MPI_STATE,0.000000,0.000000,0.000000,0.000000,PMPI_Init
State,rank-58,MPI_STATE,0.000029,0.000250,0.000221,0.000000,PMPI_Barrier
State,rank-58,MPI_STATE,0.000254,0.002900,0.002646,0.000000,PMPI_Bcast
State,rank-58,MPI_STATE,0.005963,0.005963,0.000000,0.000000,PMPI_Reduce
State,rank-58,MPI_STATE,0.005965,0.005965,0.000000,0.000000,PMPI_Reduce
State,rank-58,MPI_STATE,0.005967,0.006604,0.000637,0.000000,PMPI_Barrier
State,rank-58,MPI_STATE,0.006606,0.006606,0.000000,0.000000,PMPI_Finalize
State,rank-57,MPI_STATE,0.000000,0.000000,0.000000,0.000000,PMPI_Init
State,rank-57,MPI_STATE,0.000028,0.000250,0.000222,0.000000,PMPI_Barrier
State,rank-57,MPI_STATE,0.000253,0.002900,0.002647,0.000000,PMPI_Bcast
State,rank-57,MPI_STATE,0.006385,0.006385,0.000000,0.000000,PMPI_Reduce
State,rank-57,MPI_STATE,0.006387,0.006387,0.000000,0.000000,PMPI_Reduce
State,rank-57,MPI_STATE,0.006389,0.006604,0.000215,0.000000,PMPI_Barrier
State,rank-57,MPI_STATE,0.006606,0.006606,0.000000,0.000000,PMPI_Finalize
State,rank-56,MPI_STATE,0.000000,0.000000,0.000000,0.000000,PMPI_Init
State,rank-56,MPI_STATE,0.000027,0.000250,0.000223,0.000000,PMPI_Barrier
State,rank-56,MPI_STATE,0.000255,0.002900,0.002645,0.000000,PMPI_Bcast
State,rank-56,MPI_STATE,0.006018,0.006018,0.000000,0.000000,PMPI_Reduce
State,rank-56,MPI_STATE,0.006020,0.006020,0.000000,0.000000,PMPI_Reduce
State,rank-56,MPI_STATE,0.006023,0.006604,0.000581,0.000000,PMPI_Barrier
State,rank-56,MPI_STATE,0.006606,0.006606,0.000000,0.000000,PMPI_Finalize
State,rank-55,MPI_STATE,0.000000,0.000000,0.000000,0.000000,PMPI_Init
State,rank-55,MPI_STATE,0.000026,0.000250,0.000224,0.000000,PMPI_Barrier
State,rank-55,MPI_STATE,0.000253,0.002900,0.002647,0.000000,PMPI_Bcast
State,rank-55,MPI_STATE,0.006390,0.006390,0.000000,0.000000,PMPI_Reduce
State,rank-55,MPI_STATE,0.006393,0.006393,0.000000,0.000000,PMPI_Reduce
State,rank-55,MPI_STATE,0.006394,0.006604,0.000210,0.000000,PMPI_Barrier
State,rank-55,MPI_STATE,0.006605,0.006605,0.000000,0.000000,PMPI_Finalize
State,rank-54,MPI_STATE,0.000000,0.000000,0.000000,0.000000,PMPI_Init
State,rank-54,MPI_STATE,0.000027,0.000250,0.000223,0.000000,PMPI_Barrier
State,rank-54,MPI_STATE,0.000254,0.002900,0.002646,0.000000,PMPI_Bcast
State,rank-54,MPI_STATE,0.005961,0.005961,0.000000,0.000000,PMPI_Reduce
State,rank-54,MPI_STATE,0.005963,0.005963,0.000000,0.000000,PMPI_Reduce
State,rank-54,MPI_STATE,0.005965,0.006604,0.000639,0.000000,PMPI_Barrier
State,rank-54,MPI_STATE,0.006606,0.006606,0.000000,0.000000,PMPI_Finalize
State,rank-53,MPI_STATE,0.000000,0.000000,0.000000,0.000000,PMPI_Init
State,rank-53,MPI_STATE,0.000028,0.000250,0.000222,0.000000,PMPI_Barrier
State,rank-53,MPI_STATE,0.000252,0.002900,0.002648,0.000000,PMPI_Bcast
State,rank-53,MPI_STATE,0.006227,0.006227,0.000000,0.000000,PMPI_Reduce
State,rank-53,MPI_STATE,0.006230,0.006230,0.000000,0.000000,PMPI_Reduce
State,rank-53,MPI_STATE,0.006232,0.006604,0.000372,0.000000,PMPI_Barrier
State,rank-53,MPI_STATE,0.006607,0.006607,0.000000,0.000000,PMPI_Finalize
State,rank-52,MPI_STATE,0.000000,0.000000,0.000000,0.000000,PMPI_Init
State,rank-52,MPI_STATE,0.000026,0.000250,0.000224,0.000000,PMPI_Barrier
State,rank-52,MPI_STATE,0.000254,0.002900,0.002646,0.000000,PMPI_Bcast
State,rank-52,MPI_STATE,0.006073,0.006073,0.000000,0.000000,PMPI_Reduce
State,rank-52,MPI_STATE,0.006075,0.006075,0.000000,0.000000,PMPI_Reduce
State,rank-52,MPI_STATE,0.006078,0.006604,0.000526,0.000000,PMPI_Barrier
State,rank-52,MPI_STATE,0.006606,0.006606,0.000000,0.000000,PMPI_Finalize
State,rank-51,MPI_STATE,0.000000,0.000000,0.000000,0.000000,PMPI_Init
State,rank-51,MPI_STATE,0.000028,0.000250,0.000222,0.000000,PMPI_Barrier
State,rank-51,MPI_STATE,0.000262,0.002900,0.002638,0.000000,PMPI_Bcast
State,rank-51,MPI_STATE,0.006306,0.006306,0.000000,0.000000,PMPI_Reduce
State,rank-51,MPI_STATE,0.006308,0.006308,0.000000,0.000000,PMPI_Reduce
State,rank-51,MPI_STATE,0.006309,0.006604,0.000295,0.000000,PMPI_Barrier
State,rank-51,MPI_STATE,0.006606,0.006606,0.000000,0.000000,PMPI_Finalize
State,rank-50,MPI_STATE,0.000000,0.000000,0.000000,0.000000,PMPI_Init
State,rank-50,MPI_STATE,0.000027,0.000250,0.000223,0.000000,PMPI_Barrier
State,rank-50,MPI_STATE,0.000253,0.002900,0.002647,0.000000,PMPI_Bcast
State,rank-50,MPI_STATE,0.005930,0.005930,0.000000,0.000000,PMPI_Reduce
State,rank-50,MPI_STATE,0.005932,0.005932,0.000000,0.000000,PMPI_Reduce
State,rank-50,MPI_STATE,0.005934,0.006604,0.000670,0.000000,PMPI_Barrier
State,rank-50,MPI_STATE,0.006606,0.006606,0.000000,0.000000,PMPI_Finalize
State,rank-49,MPI_STATE,0.000000,0.000000,0.000000,0.000000,PMPI_Init
State,rank-49,MPI_STATE,0.000027,0.000250,0.000223,0.000000,PMPI_Barrier
State,rank-49,MPI_STATE,0.000252,0.002900,0.002648,0.000000,PMPI_Bcast
State,rank-49,MPI_STATE,0.006365,0.006365,0.000000,0.000000,PMPI_Reduce
State,rank-49,MPI_STATE,0.006367,0.006367,0.000000,0.000000,PMPI_Reduce
State,rank-49,MPI_STATE,0.006369,0.006604,0.000235,0.000000,PMPI_Barrier
State,rank-49,MPI_STATE,0.006606,0.006606,0.000000,0.000000,PMPI_Finalize
State,rank-4,MPI_STATE,0.000000,0.000000,0.000000,0.000000,PMPI_Init
State,rank-4,MPI_STATE,0.000028,0.000249,0.000221,0.000000,PMPI_Barrier
State,rank-4,MPI_STATE,0.000253,0.002900,0.002647,0.000000,PMPI_Bcast
State,rank-4,MPI_STATE,0.005945,0.005945,0.000000,0.000000,PMPI_Reduce
State,rank-4,MPI_STATE,0.005947,0.005947,0.000000,0.000000,PMPI_Reduce
State,rank-4,MPI_STATE,0.005949,0.006603,0.000654,0.000000,PMPI_Barrier
State,rank-4,MPI_STATE,0.006605,0.006605,0.000000,0.000000,PMPI_Finalize
State,rank-48,MPI_STATE,0.000000,0.000000,0.000000,0.000000,PMPI_Init
State,rank-48,MPI_STATE,0.000026,0.000250,0.000224,0.000000,PMPI_Barrier
State,rank-48,MPI_STATE,0.000254,0.002900,0.002646,0.000000,PMPI_Bcast
State,rank-48,MPI_STATE,0.005906,0.005906,0.000000,0.000000,PMPI_Reduce
State,rank-48,MPI_STATE,0.005910,0.005910,0.000000,0.000000,PMPI_Reduce
State,rank-48,MPI_STATE,0.005912,0.006604,0.000692,0.000000,PMPI_Barrier
State,rank-48,MPI_STATE,0.006606,0.006606,0.000000,0.000000,PMPI_Finalize
State,rank-47,MPI_STATE,0.000000,0.000000,0.000000,0.000000,PMPI_Init
State,rank-47,MPI_STATE,0.000027,0.000250,0.000223,0.000000,PMPI_Barrier
State,rank-47,MPI_STATE,0.000253,0.002900,0.002647,0.000000,PMPI_Bcast
State,rank-47,MPI_STATE,0.006304,0.006304,0.000000,0.000000,PMPI_Reduce
State,rank-47,MPI_STATE,0.006306,0.006306,0.000000,0.000000,PMPI_Reduce
State,rank-47,MPI_STATE,0.006308,0.006604,0.000296,0.000000,PMPI_Barrier
State,rank-47,MPI_STATE,0.006606,0.006606,0.000000,0.000000,PMPI_Finalize
State,rank-46,MPI_STATE,0.000000,0.000000,0.000000,0.000000,PMPI_Init
State,rank-46,MPI_STATE,0.000029,0.000250,0.000221,0.000000,PMPI_Barrier
State,rank-46,MPI_STATE,0.000253,0.002900,0.002647,0.000000,PMPI_Bcast
State,rank-46,MPI_STATE,0.006036,0.006036,0.000000,0.000000,PMPI_Reduce
State,rank-46,MPI_STATE,0.006039,0.006039,0.000000,0.000000,PMPI_Reduce
State,rank-46,MPI_STATE,0.006041,0.006604,0.000563,0.000000,PMPI_Barrier
State,rank-46,MPI_STATE,0.006605,0.006605,0.000000,0.000000,PMPI_Finalize
State,rank-45,MPI_STATE,0.000000,0.000000,0.000000,0.000000,PMPI_Init
State,rank-45,MPI_STATE,0.000031,0.000250,0.000219,0.000000,PMPI_Barrier
State,rank-45,MPI_STATE,0.000254,0.002900,0.002646,0.000000,PMPI_Bcast
State,rank-45,MPI_STATE,0.006288,0.006288,0.000000,0.000000,PMPI_Reduce
State,rank-45,MPI_STATE,0.006290,0.006290,0.000000,0.000000,PMPI_Reduce
State,rank-45,MPI_STATE,0.006291,0.006604,0.000313,0.000000,PMPI_Barrier
State,rank-45,MPI_STATE,0.006606,0.006606,0.000000,0.000000,PMPI_Finalize
State,rank-44,MPI_STATE,0.000000,0.000000,0.000000,0.000000,PMPI_Init
State,rank-44,MPI_STATE,0.000027,0.000250,0.000223,0.000000,PMPI_Barrier
State,rank-44,MPI_STATE,0.000254,0.002900,0.002646,0.000000,PMPI_Bcast
State,rank-44,MPI_STATE,0.006141,0.006141,0.000000,0.000000,PMPI_Reduce
State,rank-44,MPI_STATE,0.006143,0.006143,0.000000,0.000000,PMPI_Reduce
State,rank-44,MPI_STATE,0.006145,0.006604,0.000459,0.000000,PMPI_Barrier
State,rank-44,MPI_STATE,0.006606,0.006606,0.000000,0.000000,PMPI_Finalize
State,rank-43,MPI_STATE,0.000000,0.000000,0.000000,0.000000,PMPI_Init
State,rank-43,MPI_STATE,0.000027,0.000250,0.000223,0.000000,PMPI_Barrier
State,rank-43,MPI_STATE,0.000252,0.002900,0.002648,0.000000,PMPI_Bcast
State,rank-43,MPI_STATE,0.006269,0.006269,0.000000,0.000000,PMPI_Reduce
State,rank-43,MPI_STATE,0.006271,0.006271,0.000000,0.000000,PMPI_Reduce
State,rank-43,MPI_STATE,0.006273,0.006604,0.000331,0.000000,PMPI_Barrier
State,rank-43,MPI_STATE,0.006606,0.006606,0.000000,0.000000,PMPI_Finalize
State,rank-42,MPI_STATE,0.000000,0.000000,0.000000,0.000000,PMPI_Init
State,rank-42,MPI_STATE,0.000026,0.000250,0.000224,0.000000,PMPI_Barrier
State,rank-42,MPI_STATE,0.000253,0.002900,0.002647,0.000000,PMPI_Bcast
State,rank-42,MPI_STATE,0.006196,0.006196,0.000000,0.000000,PMPI_Reduce
State,rank-42,MPI_STATE,0.006199,0.006199,0.000000,0.000000,PMPI_Reduce
State,rank-42,MPI_STATE,0.006200,0.006604,0.000404,0.000000,PMPI_Barrier
State,rank-42,MPI_STATE,0.006606,0.006606,0.000000,0.000000,PMPI_Finalize
State,rank-41,MPI_STATE,0.000000,0.000000,0.000000,0.000000,PMPI_Init
State,rank-41,MPI_STATE,0.000028,0.000250,0.000222,0.000000,PMPI_Barrier
State,rank-41,MPI_STATE,0.000254,0.002900,0.002646,0.000000,PMPI_Bcast
State,rank-41,MPI_STATE,0.006235,0.006235,0.000000,0.000000,PMPI_Reduce
State,rank-41,MPI_STATE,0.006238,0.006238,0.000000,0.000000,PMPI_Reduce
State,rank-41,MPI_STATE,0.006241,0.006604,0.000363,0.000000,PMPI_Barrier
State,rank-41,MPI_STATE,0.006606,0.006606,0.000000,0.000000,PMPI_Finalize
State,rank-40,MPI_STATE,0.000000,0.000000,0.000000,0.000000,PMPI_Init
State,rank-40,MPI_STATE,0.000027,0.000250,0.000223,0.000000,PMPI_Barrier
State,rank-40,MPI_STATE,0.000253,0.002900,0.002647,0.000000,PMPI_Bcast
State,rank-40,MPI_STATE,0.005986,0.005986,0.000000,0.000000,PMPI_Reduce
State,rank-40,MPI_STATE,0.005988,0.005988,0.000000,0.000000,PMPI_Reduce
State,rank-40,MPI_STATE,0.005990,0.006604,0.000614,0.000000,PMPI_Barrier
State,rank-40,MPI_STATE,0.006606,0.006606,0.000000,0.000000,PMPI_Finalize
State,rank-39,MPI_STATE,0.000000,0.000000,0.000000,0.000000,PMPI_Init
State,rank-39,MPI_STATE,0.000028,0.000250,0.000222,0.000000,PMPI_Barrier
State,rank-39,MPI_STATE,0.000254,0.002900,0.002646,0.000000,PMPI_Bcast
State,rank-39,MPI_STATE,0.006165,0.006165,0.000000,0.000000,PMPI_Reduce
State,rank-39,MPI_STATE,0.006168,0.006168,0.000000,0.000000,PMPI_Reduce
State,rank-39,MPI_STATE,0.006169,0.006604,0.000435,0.000000,PMPI_Barrier
State,rank-39,MPI_STATE,0.006606,0.006606,0.000000,0.000000,PMPI_Finalize
State,rank-3,MPI_STATE,0.000000,0.000000,0.000000,0.000000,PMPI_Init
State,rank-3,MPI_STATE,0.000027,0.000249,0.000222,0.000000,PMPI_Barrier
State,rank-3,MPI_STATE,0.000252,0.002900,0.002648,0.000000,PMPI_Bcast
State,rank-3,MPI_STATE,0.006208,0.006208,0.000000,0.000000,PMPI_Reduce
State,rank-3,MPI_STATE,0.006210,0.006210,0.000000,0.000000,PMPI_Reduce
State,rank-3,MPI_STATE,0.006211,0.006603,0.000392,0.000000,PMPI_Barrier
State,rank-3,MPI_STATE,0.006605,0.006605,0.000000,0.000000,PMPI_Finalize
State,rank-38,MPI_STATE,0.000000,0.000000,0.000000,0.000000,PMPI_Init
State,rank-38,MPI_STATE,0.000027,0.000250,0.000223,0.000000,PMPI_Barrier
State,rank-38,MPI_STATE,0.000254,0.002900,0.002646,0.000000,PMPI_Bcast
State,rank-38,MPI_STATE,0.005892,0.005892,0.000000,0.000000,PMPI_Reduce
State,rank-38,MPI_STATE,0.005895,0.005895,0.000000,0.000000,PMPI_Reduce
State,rank-38,MPI_STATE,0.005898,0.006604,0.000706,0.000000,PMPI_Barrier
State,rank-38,MPI_STATE,0.006606,0.006606,0.000000,0.000000,PMPI_Finalize
State,rank-37,MPI_STATE,0.000000,0.000000,0.000000,0.000000,PMPI_Init
State,rank-37,MPI_STATE,0.000028,0.000250,0.000222,0.000000,PMPI_Barrier
State,rank-37,MPI_STATE,0.000253,0.002900,0.002647,0.000000,PMPI_Bcast
State,rank-37,MPI_STATE,0.006494,0.006494,0.000000,0.000000,PMPI_Reduce
State,rank-37,MPI_STATE,0.006496,0.006496,0.000000,0.000000,PMPI_Reduce
State,rank-37,MPI_STATE,0.006498,0.006604,0.000106,0.000000,PMPI_Barrier
State,rank-37,MPI_STATE,0.006606,0.006606,0.000000,0.000000,PMPI_Finalize
State,rank-36,MPI_STATE,0.000000,0.000000,0.000000,0.000000,PMPI_Init
State,rank-36,MPI_STATE,0.000026,0.000250,0.000224,0.000000,PMPI_Barrier
State,rank-36,MPI_STATE,0.000254,0.002900,0.002646,0.000000,PMPI_Bcast
State,rank-36,MPI_STATE,0.006029,0.006029,0.000000,0.000000,PMPI_Reduce
State,rank-36,MPI_STATE,0.006031,0.006031,0.000000,0.000000,PMPI_Reduce
State,rank-36,MPI_STATE,0.006034,0.006604,0.000570,0.000000,PMPI_Barrier
State,rank-36,MPI_STATE,0.006606,0.006606,0.000000,0.000000,PMPI_Finalize
State,rank-35,MPI_STATE,0.000000,0.000000,0.000000,0.000000,PMPI_Init
State,rank-35,MPI_STATE,0.000027,0.000250,0.000223,0.000000,PMPI_Barrier
State,rank-35,MPI_STATE,0.000253,0.002900,0.002647,0.000000,PMPI_Bcast
State,rank-35,MPI_STATE,0.006193,0.006193,0.000000,0.000000,PMPI_Reduce
State,rank-35,MPI_STATE,0.006195,0.006195,0.000000,0.000000,PMPI_Reduce
State,rank-35,MPI_STATE,0.006197,0.006604,0.000407,0.000000,PMPI_Barrier
State,rank-35,MPI_STATE,0.006606,0.006606,0.000000,0.000000,PMPI_Finalize
State,rank-34,MPI_STATE,0.000000,0.000000,0.000000,0.000000,PMPI_Init
State,rank-34,MPI_STATE,0.000026,0.000250,0.000224,0.000000,PMPI_Barrier
State,rank-34,MPI_STATE,0.000254,0.002900,0.002646,0.000000,PMPI_Bcast
State,rank-34,MPI_STATE,0.006089,0.006089,0.000000,0.000000,PMPI_Reduce
State,rank-34,MPI_STATE,0.006091,0.006091,0.000000,0.000000,PMPI_Reduce
State,rank-34,MPI_STATE,0.006092,0.006604,0.000512,0.000000,PMPI_Barrier
State,rank-34,MPI_STATE,0.006606,0.006606,0.000000,0.000000,PMPI_Finalize
State,rank-33,MPI_STATE,0.000000,0.000000,0.000000,0.000000,PMPI_Init
State,rank-33,MPI_STATE,0.000027,0.000250,0.000223,0.000000,PMPI_Barrier
State,rank-33,MPI_STATE,0.000252,0.002900,0.002648,0.000000,PMPI_Bcast
State,rank-33,MPI_STATE,0.006193,0.006193,0.000000,0.000000,PMPI_Reduce
State,rank-33,MPI_STATE,0.006195,0.006195,0.000000,0.000000,PMPI_Reduce
State,rank-33,MPI_STATE,0.006198,0.006604,0.000406,0.000000,PMPI_Barrier
State,rank-33,MPI_STATE,0.006607,0.006607,0.000000,0.000000,PMPI_Finalize
State,rank-32,MPI_STATE,0.000000,0.000000,0.000000,0.000000,PMPI_Init
State,rank-32,MPI_STATE,0.000028,0.000250,0.000222,0.000000,PMPI_Barrier
State,rank-32,MPI_STATE,0.000254,0.002900,0.002646,0.000000,PMPI_Bcast
State,rank-32,MPI_STATE,0.005963,0.005963,0.000000,0.000000,PMPI_Reduce
State,rank-32,MPI_STATE,0.005965,0.005965,0.000000,0.000000,PMPI_Reduce
State,rank-32,MPI_STATE,0.005968,0.006604,0.000636,0.000000,PMPI_Barrier
State,rank-32,MPI_STATE,0.006605,0.006605,0.000000,0.000000,PMPI_Finalize
State,rank-31,MPI_STATE,0.000000,0.000000,0.000000,0.000000,PMPI_Init
State,rank-31,MPI_STATE,0.000027,0.000250,0.000223,0.000000,PMPI_Barrier
State,rank-31,MPI_STATE,0.000254,0.002900,0.002646,0.000000,PMPI_Bcast
State,rank-31,MPI_STATE,0.006397,0.006397,0.000000,0.000000,PMPI_Reduce
State,rank-31,MPI_STATE,0.006399,0.006399,0.000000,0.000000,PMPI_Reduce
State,rank-31,MPI_STATE,0.006400,0.006604,0.000204,0.000000,PMPI_Barrier
State,rank-31,MPI_STATE,0.006606,0.006606,0.000000,0.000000,PMPI_Finalize
State,rank-30,MPI_STATE,0.000000,0.000000,0.000000,0.000000,PMPI_Init
State,rank-30,MPI_STATE,0.000027,0.000250,0.000223,0.000000,PMPI_Barrier
State,rank-30,MPI_STATE,0.000253,0.002900,0.002647,0.000000,PMPI_Bcast
State,rank-30,MPI_STATE,0.005973,0.005973,0.000000,0.000000,PMPI_Reduce
State,rank-30,MPI_STATE,0.005976,0.005976,0.000000,0.000000,PMPI_Reduce
State,rank-30,MPI_STATE,0.005978,0.006604,0.000626,0.000000,PMPI_Barrier
State,rank-30,MPI_STATE,0.006605,0.006605,0.000000,0.000000,PMPI_Finalize
State,rank-29,MPI_STATE,0.000000,0.000000,0.000000,0.000000,PMPI_Init
State,rank-29,MPI_STATE,0.000026,0.000250,0.000224,0.000000,PMPI_Barrier
State,rank-29,MPI_STATE,0.000254,0.002900,0.002646,0.000000,PMPI_Bcast
State,rank-29,MPI_STATE,0.006410,0.006410,0.000000,0.000000,PMPI_Reduce
State,rank-29,MPI_STATE,0.006413,0.006413,0.000000,0.000000,PMPI_Reduce
State,rank-29,MPI_STATE,0.006416,0.006604,0.000188,0.000000,PMPI_Barrier
State,rank-29,MPI_STATE,0.006606,0.006606,0.000000,0.000000,PMPI_Finalize
State,rank-2,MPI_STATE,0.000000,0.000000,0.000000,0.000000,PMPI_Init
State,rank-2,MPI_STATE,0.000029,0.000249,0.000220,0.000000,PMPI_Barrier
State,rank-2,MPI_STATE,0.000252,0.002900,0.002648,0.000000,PMPI_Bcast
State,rank-2,MPI_STATE,0.005940,0.005940,0.000000,0.000000,PMPI_Reduce
State,rank-2,MPI_STATE,0.005943,0.005943,0.000000,0.000000,PMPI_Reduce
State,rank-2,MPI_STATE,0.005944,0.006603,0.000659,0.000000,PMPI_Barrier
State,rank-2,MPI_STATE,0.006605,0.006605,0.000000,0.000000,PMPI_Finalize
State,rank-28,MPI_STATE,0.000000,0.000000,0.000000,0.000000,PMPI_Init
State,rank-28,MPI_STATE,0.000027,0.000250,0.000223,0.000000,PMPI_Barrier
State,rank-28,MPI_STATE,0.000253,0.002900,0.002647,0.000000,PMPI_Bcast
State,rank-28,MPI_STATE,0.005975,0.005975,0.000000,0.000000,PMPI_Reduce
State,rank-28,MPI_STATE,0.005977,0.005977,0.000000,0.000000,PMPI_Reduce
State,rank-28,MPI_STATE,0.005979,0.006604,0.000625,0.000000,PMPI_Barrier
State,rank-28,MPI_STATE,0.006606,0.006606,0.000000,0.000000,PMPI_Finalize
State,rank-27,MPI_STATE,0.000000,0.000000,0.000000,0.000000,PMPI_Init
State,rank-27,MPI_STATE,0.000027,0.000250,0.000223,0.000000,PMPI_Barrier
State,rank-27,MPI_STATE,0.000254,0.002900,0.002646,0.000000,PMPI_Bcast
State,rank-27,MPI_STATE,0.006338,0.006338,0.000000,0.000000,PMPI_Reduce
State,rank-27,MPI_STATE,0.006340,0.006340,0.000000,0.000000,PMPI_Reduce
State,rank-27,MPI_STATE,0.006342,0.006604,0.000262,0.000000,PMPI_Barrier
State,rank-27,MPI_STATE,0.006606,0.006606,0.000000,0.000000,PMPI_Finalize
State,rank-26,MPI_STATE,0.000000,0.000000,0.000000,0.000000,PMPI_Init
State,rank-26,MPI_STATE,0.000029,0.000250,0.000221,0.000000,PMPI_Barrier
State,rank-26,MPI_STATE,0.000254,0.002900,0.002646,0.000000,PMPI_Bcast
State,rank-26,MPI_STATE,0.006141,0.006141,0.000000,0.000000,PMPI_Reduce
State,rank-26,MPI_STATE,0.006143,0.006143,0.000000,0.000000,PMPI_Reduce
State,rank-26,MPI_STATE,0.006144,0.006604,0.000460,0.000000,PMPI_Barrier
State,rank-26,MPI_STATE,0.006606,0.006606,0.000000,0.000000,PMPI_Finalize
State,rank-25,MPI_STATE,0.000000,0.000000,0.000000,0.000000,PMPI_Init
State,rank-25,MPI_STATE,0.000026,0.000250,0.000224,0.000000,PMPI_Barrier
State,rank-25,MPI_STATE,0.000253,0.002900,0.002647,0.000000,PMPI_Bcast
State,rank-25,MPI_STATE,0.006203,0.006203,0.000000,0.000000,PMPI_Reduce
State,rank-25,MPI_STATE,0.006205,0.006205,0.000000,0.000000,PMPI_Reduce
State,rank-25,MPI_STATE,0.006208,0.006604,0.000396,0.000000,PMPI_Barrier
State,rank-25,MPI_STATE,0.006606,0.006606,0.000000,0.000000,PMPI_Finalize
State,rank-24,MPI_STATE,0.000000,0.000000,0.000000,0.000000,PMPI_Init
State,rank-24,MPI_STATE,0.000027,0.000250,0.000223,0.000000,PMPI_Barrier
State,rank-24,MPI_STATE,0.000253,0.002900,0.002647,0.000000,PMPI_Bcast
State,rank-24,MPI_STATE,0.005971,0.005971,0.000000,0.000000,PMPI_Reduce
State,rank-24,MPI_STATE,0.005973,0.005973,0.000000,0.000000,PMPI_Reduce
State,rank-24,MPI_STATE,0.005975,0.006604,0.000629,0.000000,PMPI_Barrier
State,rank-24,MPI_STATE,0.006606,0.006606,0.000000,0.000000,PMPI_Finalize
State,rank-23,MPI_STATE,0.000000,0.000000,0.000000,0.000000,PMPI_Init
State,rank-23,MPI_STATE,0.000027,0.000250,0.000223,0.000000,PMPI_Barrier
State,rank-23,MPI_STATE,0.000252,0.002900,0.002648,0.000000,PMPI_Bcast
State,rank-23,MPI_STATE,0.006246,0.006246,0.000000,0.000000,PMPI_Reduce
State,rank-23,MPI_STATE,0.006248,0.006248,0.000000,0.000000,PMPI_Reduce
State,rank-23,MPI_STATE,0.006250,0.006604,0.000354,0.000000,PMPI_Barrier
State,rank-23,MPI_STATE,0.006606,0.006606,0.000000,0.000000,PMPI_Finalize
State,rank-22,MPI_STATE,0.000000,0.000000,0.000000,0.000000,PMPI_Init
State,rank-22,MPI_STATE,0.000027,0.000250,0.000223,0.000000,PMPI_Barrier
State,rank-22,MPI_STATE,0.000254,0.002900,0.002646,0.000000,PMPI_Bcast
State,rank-22,MPI_STATE,0.006113,0.006113,0.000000,0.000000,PMPI_Reduce
State,rank-22,MPI_STATE,0.006115,0.006115,0.000000,0.000000,PMPI_Reduce
State,rank-22,MPI_STATE,0.006117,0.006604,0.000487,0.000000,PMPI_Barrier
State,rank-22,MPI_STATE,0.006606,0.006606,0.000000,0.000000,PMPI_Finalize
State,rank-21,MPI_STATE,0.000000,0.000000,0.000000,0.000000,PMPI_Init
State,rank-21,MPI_STATE,0.000027,0.000250,0.000223,0.000000,PMPI_Barrier
State,rank-21,MPI_STATE,0.000253,0.002900,0.002647,0.000000,PMPI_Bcast
State,rank-21,MPI_STATE,0.006239,0.006239,0.000000,0.000000,PMPI_Reduce
State,rank-21,MPI_STATE,0.006241,0.006241,0.000000,0.000000,PMPI_Reduce
State,rank-21,MPI_STATE,0.006243,0.006604,0.000361,0.000000,PMPI_Barrier
State,rank-21,MPI_STATE,0.006606,0.006606,0.000000,0.000000,PMPI_Finalize
State,rank-20,MPI_STATE,0.000000,0.000000,0.000000,0.000000,PMPI_Init
State,rank-20,MPI_STATE,0.000027,0.000250,0.000223,0.000000,PMPI_Barrier
State,rank-20,MPI_STATE,0.000253,0.002900,0.002647,0.000000,PMPI_Bcast
State,rank-20,MPI_STATE,0.005994,0.005994,0.000000,0.000000,PMPI_Reduce
State,rank-20,MPI_STATE,0.005996,0.005996,0.000000,0.000000,PMPI_Reduce
State,rank-20,MPI_STATE,0.005998,0.006604,0.000606,0.000000,PMPI_Barrier
State,rank-20,MPI_STATE,0.006605,0.006605,0.000000,0.000000,PMPI_Finalize
State,rank-19,MPI_STATE,0.000000,0.000000,0.000000,0.000000,PMPI_Init
State,rank-19,MPI_STATE,0.000027,0.000250,0.000223,0.000000,PMPI_Barrier
State,rank-19,MPI_STATE,0.000253,0.002900,0.002647,0.000000,PMPI_Bcast
State,rank-19,MPI_STATE,0.006197,0.006197,0.000000,0.000000,PMPI_Reduce
State,rank-19,MPI_STATE,0.006199,0.006199,0.000000,0.000000,PMPI_Reduce
State,rank-19,MPI_STATE,0.006201,0.006604,0.000403,0.000000,PMPI_Barrier
State,rank-19,MPI_STATE,0.006606,0.006606,0.000000,0.000000,PMPI_Finalize
State,rank-1,MPI_STATE,0.000000,0.000000,0.000000,0.000000,PMPI_Init
State,rank-1,MPI_STATE,0.000047,0.000249,0.000202,0.000000,PMPI_Barrier
State,rank-1,MPI_STATE,0.000252,0.002900,0.002648,0.000000,PMPI_Bcast
State,rank-1,MPI_STATE,0.006094,0.006094,0.000000,0.000000,PMPI_Reduce
State,rank-1,MPI_STATE,0.006097,0.006097,0.000000,0.000000,PMPI_Reduce
State,rank-1,MPI_STATE,0.006098,0.006603,0.000505,0.000000,PMPI_Barrier
State,rank-1,MPI_STATE,0.006605,0.006605,0.000000,0.000000,PMPI_Finalize
State,rank-18,MPI_STATE,0.000000,0.000000,0.000000,0.000000,PMPI_Init
State,rank-18,MPI_STATE,0.000027,0.000250,0.000223,0.000000,PMPI_Barrier
State,rank-18,MPI_STATE,0.000254,0.002900,0.002646,0.000000,PMPI_Bcast
State,rank-18,MPI_STATE,0.006030,0.006030,0.000000,0.000000,PMPI_Reduce
State,rank-18,MPI_STATE,0.006033,0.006033,0.000000,0.000000,PMPI_Reduce
State,rank-18,MPI_STATE,0.006034,0.006604,0.000570,0.000000,PMPI_Barrier
State,rank-18,MPI_STATE,0.006606,0.006606,0.000000,0.000000,PMPI_Finalize
State,rank-17,MPI_STATE,0.000000,0.000000,0.000000,0.000000,PMPI_Init
State,rank-17,MPI_STATE,0.000027,0.000250,0.000223,0.000000,PMPI_Barrier
State,rank-17,MPI_STATE,0.000253,0.002900,0.002647,0.000000,PMPI_Bcast
State,rank-17,MPI_STATE,0.006274,0.006274,0.000000,0.000000,PMPI_Reduce
State,rank-17,MPI_STATE,0.006276,0.006276,0.000000,0.000000,PMPI_Reduce
State,rank-17,MPI_STATE,0.006278,0.006604,0.000326,0.000000,PMPI_Barrier
State,rank-17,MPI_STATE,0.006606,0.006606,0.000000,0.000000,PMPI_Finalize
State,rank-16,MPI_STATE,0.000000,0.000000,0.000000,0.000000,PMPI_Init
State,rank-16,MPI_STATE,0.000026,0.000250,0.000224,0.000000,PMPI_Barrier
State,rank-16,MPI_STATE,0.000254,0.002900,0.002646,0.000000,PMPI_Bcast
State,rank-16,MPI_STATE,0.006144,0.006144,0.000000,0.000000,PMPI_Reduce
State,rank-16,MPI_STATE,0.006147,0.006147,0.000000,0.000000,PMPI_Reduce
State,rank-16,MPI_STATE,0.006149,0.006604,0.000455,0.000000,PMPI_Barrier
State,rank-16,MPI_STATE,0.006606,0.006606,0.000000,0.000000,PMPI_Finalize
State,rank-15,MPI_STATE,0.000000,0.000000,0.000000,0.000000,PMPI_Init
State,rank-15,MPI_STATE,0.000026,0.000249,0.000223,0.000000,PMPI_Barrier
State,rank-15,MPI_STATE,0.000253,0.002900,0.002647,0.000000,PMPI_Bcast
State,rank-15,MPI_STATE,0.006218,0.006218,0.000000,0.000000,PMPI_Reduce
State,rank-15,MPI_STATE,0.006220,0.006220,0.000000,0.000000,PMPI_Reduce
State,rank-15,MPI_STATE,0.006223,0.006603,0.000380,0.000000,PMPI_Barrier
State,rank-15,MPI_STATE,0.006606,0.006606,0.000000,0.000000,PMPI_Finalize
State,rank-14,MPI_STATE,0.000000,0.000000,0.000000,0.000000,PMPI_Init
State,rank-14,MPI_STATE,0.000026,0.000249,0.000223,0.000000,PMPI_Barrier
State,rank-14,MPI_STATE,0.000253,0.002900,0.002647,0.000000,PMPI_Bcast
State,rank-14,MPI_STATE,0.005950,0.005950,0.000000,0.000000,PMPI_Reduce
State,rank-14,MPI_STATE,0.005954,0.005954,0.000000,0.000000,PMPI_Reduce
State,rank-14,MPI_STATE,0.005955,0.006603,0.000648,0.000000,PMPI_Barrier
State,rank-14,MPI_STATE,0.006605,0.006605,0.000000,0.000000,PMPI_Finalize
State,rank-13,MPI_STATE,0.000000,0.000000,0.000000,0.000000,PMPI_Init
State,rank-13,MPI_STATE,0.000030,0.000249,0.000219,0.000000,PMPI_Barrier
State,rank-13,MPI_STATE,0.000252,0.002900,0.002648,0.000000,PMPI_Bcast
State,rank-13,MPI_STATE,0.006179,0.006179,0.000000,0.000000,PMPI_Reduce
State,rank-13,MPI_STATE,0.006181,0.006181,0.000000,0.000000,PMPI_Reduce
State,rank-13,MPI_STATE,0.006182,0.006603,0.000421,0.000000,PMPI_Barrier
State,rank-13,MPI_STATE,0.006605,0.006605,0.000000,0.000000,PMPI_Finalize
State,rank-12,MPI_STATE,0.000000,0.000000,0.000000,0.000000,PMPI_Init
State,rank-12,MPI_STATE,0.000026,0.000249,0.000223,0.000000,PMPI_Barrier
State,rank-12,MPI_STATE,0.000254,0.002900,0.002646,0.000000,PMPI_Bcast
State,rank-12,MPI_STATE,0.005940,0.005940,0.000000,0.000000,PMPI_Reduce
State,rank-12,MPI_STATE,0.005942,0.005942,0.000000,0.000000,PMPI_Reduce
State,rank-12,MPI_STATE,0.005944,0.006603,0.000659,0.000000,PMPI_Barrier
State,rank-12,MPI_STATE,0.006604,0.006604,0.000000,0.000000,PMPI_Finalize
State,rank-127,MPI_STATE,0.000000,0.000000,0.000000,0.000000,PMPI_Init
State,rank-127,MPI_STATE,0.000024,0.000250,0.000226,0.000000,PMPI_Barrier
State,rank-127,MPI_STATE,0.000254,0.002900,0.002646,0.000000,PMPI_Bcast
State,rank-127,MPI_STATE,0.006455,0.006455,0.000000,0.000000,PMPI_Reduce
State,rank-127,MPI_STATE,0.006458,0.006458,0.000000,0.000000,PMPI_Reduce
State,rank-127,MPI_STATE,0.006460,0.006604,0.000144,0.000000,PMPI_Barrier
State,rank-127,MPI_STATE,0.006606,0.006606,0.000000,0.000000,PMPI_Finalize
State,rank-126,MPI_STATE,0.000000,0.000000,0.000000,0.000000,PMPI_Init
State,rank-126,MPI_STATE,0.000026,0.000250,0.000224,0.000000,PMPI_Barrier
State,rank-126,MPI_STATE,0.000253,0.002900,0.002647,0.000000,PMPI_Bcast
State,rank-126,MPI_STATE,0.005969,0.005969,0.000000,0.000000,PMPI_Reduce
State,rank-126,MPI_STATE,0.005971,0.005971,0.000000,0.000000,PMPI_Reduce
State,rank-126,MPI_STATE,0.005973,0.006604,0.000631,0.000000,PMPI_Barrier
State,rank-126,MPI_STATE,0.006606,0.006606,0.000000,0.000000,PMPI_Finalize
State,rank-125,MPI_STATE,0.000000,0.000000,0.000000,0.000000,PMPI_Init
State,rank-125,MPI_STATE,0.000028,0.000250,0.000222,0.000000,PMPI_Barrier
State,rank-125,MPI_STATE,0.000252,0.002900,0.002648,0.000000,PMPI_Bcast
State,rank-125,MPI_STATE,0.006245,0.006245,0.000000,0.000000,PMPI_Reduce
State,rank-125,MPI_STATE,0.006247,0.006247,0.000000,0.000000,PMPI_Reduce
State,rank-125,MPI_STATE,0.006248,0.006604,0.000356,0.000000,PMPI_Barrier
State,rank-125,MPI_STATE,0.006606,0.006606,0.000000,0.000000,PMPI_Finalize
State,rank-124,MPI_STATE,0.000000,0.000000,0.000000,0.000000,PMPI_Init
State,rank-124,MPI_STATE,0.000025,0.000250,0.000225,0.000000,PMPI_Barrier
State,rank-124,MPI_STATE,0.000253,0.002900,0.002647,0.000000,PMPI_Bcast
State,rank-124,MPI_STATE,0.005982,0.005982,0.000000,0.000000,PMPI_Reduce
State,rank-124,MPI_STATE,0.005984,0.005984,0.000000,0.000000,PMPI_Reduce
State,rank-124,MPI_STATE,0.005985,0.006604,0.000619,0.000000,PMPI_Barrier
State,rank-124,MPI_STATE,0.006606,0.006606,0.000000,0.000000,PMPI_Finalize
State,rank-123,MPI_STATE,0.000000,0.000000,0.000000,0.000000,PMPI_Init
State,rank-123,MPI_STATE,0.000026,0.000250,0.000224,0.000000,PMPI_Barrier
State,rank-123,MPI_STATE,0.000254,0.002900,0.002646,0.000000,PMPI_Bcast
State,rank-123,MPI_STATE,0.006293,0.006293,0.000000,0.000000,PMPI_Reduce
State,rank-123,MPI_STATE,0.006295,0.006295,0.000000,0.000000,PMPI_Reduce
State,rank-123,MPI_STATE,0.006296,0.006604,0.000308,0.000000,PMPI_Barrier
State,rank-123,MPI_STATE,0.006606,0.006606,0.000000,0.000000,PMPI_Finalize
State,rank-122,MPI_STATE,0.000000,0.000000,0.000000,0.000000,PMPI_Init
State,rank-122,MPI_STATE,0.000026,0.000250,0.000224,0.000000,PMPI_Barrier
State,rank-122,MPI_STATE,0.000252,0.002900,0.002648,0.000000,PMPI_Bcast
State,rank-122,MPI_STATE,0.005929,0.005929,0.000000,0.000000,PMPI_Reduce
State,rank-122,MPI_STATE,0.005931,0.005931,0.000000,0.000000,PMPI_Reduce
State,rank-122,MPI_STATE,0.005933,0.006604,0.000671,0.000000,PMPI_Barrier
State,rank-122,MPI_STATE,0.006606,0.006606,0.000000,0.000000,PMPI_Finalize
State,rank-121,MPI_STATE,0.000000,0.000000,0.000000,0.000000,PMPI_Init
State,rank-121,MPI_STATE,0.000028,0.000250,0.000222,0.000000,PMPI_Barrier
State,rank-121,MPI_STATE,0.000253,0.002900,0.002647,0.000000,PMPI_Bcast
State,rank-121,MPI_STATE,0.006260,0.006260,0.000000,0.000000,PMPI_Reduce
State,rank-121,MPI_STATE,0.006263,0.006263,0.000000,0.000000,PMPI_Reduce
State,rank-121,MPI_STATE,0.006265,0.006604,0.000339,0.000000,PMPI_Barrier
State,rank-121,MPI_STATE,0.006606,0.006606,0.000000,0.000000,PMPI_Finalize
State,rank-120,MPI_STATE,0.000000,0.000000,0.000000,0.000000,PMPI_Init
State,rank-120,MPI_STATE,0.000026,0.000250,0.000224,0.000000,PMPI_Barrier
State,rank-120,MPI_STATE,0.000253,0.002900,0.002647,0.000000,PMPI_Bcast
State,rank-120,MPI_STATE,0.005967,0.005967,0.000000,0.000000,PMPI_Reduce
State,rank-120,MPI_STATE,0.005969,0.005969,0.000000,0.000000,PMPI_Reduce
State,rank-120,MPI_STATE,0.005971,0.006604,0.000633,0.000000,PMPI_Barrier
State,rank-120,MPI_STATE,0.006606,0.006606,0.000000,0.000000,PMPI_Finalize
State,rank-119,MPI_STATE,0.000000,0.000000,0.000000,0.000000,PMPI_Init
State,rank-119,MPI_STATE,0.000025,0.000250,0.000225,0.000000,PMPI_Barrier
State,rank-119,MPI_STATE,0.000254,0.002900,0.002646,0.000000,PMPI_Bcast
State,rank-119,MPI_STATE,0.006166,0.006166,0.000000,0.000000,PMPI_Reduce
State,rank-119,MPI_STATE,0.006168,0.006168,0.000000,0.000000,PMPI_Reduce
State,rank-119,MPI_STATE,0.006170,0.006604,0.000434,0.000000,PMPI_Barrier
State,rank-119,MPI_STATE,0.006606,0.006606,0.000000,0.000000,PMPI_Finalize
State,rank-11,MPI_STATE,0.000000,0.000000,0.000000,0.000000,PMPI_Init
State,rank-11,MPI_STATE,0.000027,0.000249,0.000222,0.000000,PMPI_Barrier
State,rank-11,MPI_STATE,0.000253,0.002900,0.002647,0.000000,PMPI_Bcast
State,rank-11,MPI_STATE,0.006237,0.006237,0.000000,0.000000,PMPI_Reduce
State,rank-11,MPI_STATE,0.006239,0.006239,0.000000,0.000000,PMPI_Reduce
State,rank-11,MPI_STATE,0.006240,0.006603,0.000363,0.000000,PMPI_Barrier
State,rank-11,MPI_STATE,0.006605,0.006605,0.000000,0.000000,PMPI_Finalize
State,rank-118,MPI_STATE,0.000000,0.000000,0.000000,0.000000,PMPI_Init
State,rank-118,MPI_STATE,0.000026,0.000250,0.000224,0.000000,PMPI_Barrier
State,rank-118,MPI_STATE,0.000253,0.002900,0.002647,0.000000,PMPI_Bcast
State,rank-118,MPI_STATE,0.005966,0.005966,0.000000,0.000000,PMPI_Reduce
State,rank-118,MPI_STATE,0.005968,0.005968,0.000000,0.000000,PMPI_Reduce
State,rank-118,MPI_STATE,0.005969,0.006604,0.000635,0.000000,PMPI_Barrier
State,rank-118,MPI_STATE,0.006606,0.006606,0.000000,0.000000,PMPI_Finalize
State,rank-117,MPI_STATE,0.000000,0.000000,0.000000,0.000000,PMPI_Init
State,rank-117,MPI_STATE,0.000026,0.000250,0.000224,0.000000,PMPI_Barrier
State,rank-117,MPI_STATE,0.000253,0.002900,0.002647,0.000000,PMPI_Bcast
State,rank-117,MPI_STATE,0.006203,0.006203,0.000000,0.000000,PMPI_Reduce
State,rank-117,MPI_STATE,0.006205,0.006205,0.000000,0.000000,PMPI_Reduce
State,rank-117,MPI_STATE,0.006207,0.006604,0.000397,0.000000,PMPI_Barrier
State,rank-117,MPI_STATE,0.006606,0.006606,0.000000,0.000000,PMPI_Finalize
State,rank-116,MPI_STATE,0.000000,0.000000,0.000000,0.000000,PMPI_Init
State,rank-116,MPI_STATE,0.000027,0.000250,0.000223,0.000000,PMPI_Barrier
State,rank-116,MPI_STATE,0.000253,0.002900,0.002647,0.000000,PMPI_Bcast
State,rank-116,MPI_STATE,0.005926,0.005926,0.000000,0.000000,PMPI_Reduce
State,rank-116,MPI_STATE,0.005928,0.005928,0.000000,0.000000,PMPI_Reduce
State,rank-116,MPI_STATE,0.005931,0.006604,0.000673,0.000000,PMPI_Barrier
State,rank-116,MPI_STATE,0.006606,0.006606,0.000000,0.000000,PMPI_Finalize
State,rank-115,MPI_STATE,0.000000,0.000000,0.000000,0.000000,PMPI_Init
State,rank-115,MPI_STATE,0.000057,0.000250,0.000193,0.000000,PMPI_Barrier
State,rank-115,MPI_STATE,0.000253,0.002900,0.002647,0.000000,PMPI_Bcast
State,rank-115,MPI_STATE,0.006262,0.006262,0.000000,0.000000,PMPI_Reduce
State,rank-115,MPI_STATE,0.006264,0.006264,0.000000,0.000000,PMPI_Reduce
State,rank-115,MPI_STATE,0.006266,0.006604,0.000338,0.000000,PMPI_Barrier
State,rank-115,MPI_STATE,0.006606,0.006606,0.000000,0.000000,PMPI_Finalize
State,rank-114,MPI_STATE,0.000000,0.000000,0.000000,0.000000,PMPI_Init
State,rank-114,MPI_STATE,0.000025,0.000250,0.000225,0.000000,PMPI_Barrier
State,rank-114,MPI_STATE,0.000254,0.002900,0.002646,0.000000,PMPI_Bcast
State,rank-114,MPI_STATE,0.006115,0.006115,0.000000,0.000000,PMPI_Reduce
State,rank-114,MPI_STATE,0.006117,0.006117,0.000000,0.000000,PMPI_Reduce
State,rank-114,MPI_STATE,0.006118,0.006604,0.000486,0.000000,PMPI_Barrier
State,rank-114,MPI_STATE,0.006606,0.006606,0.000000,0.000000,PMPI_Finalize
State,rank-113,MPI_STATE,0.000000,0.000000,0.000000,0.000000,PMPI_Init
State,rank-113,MPI_STATE,0.000025,0.000250,0.000225,0.000000,PMPI_Barrier
State,rank-113,MPI_STATE,0.000252,0.002900,0.002648,0.000000,PMPI_Bcast
State,rank-113,MPI_STATE,0.006211,0.006211,0.000000,0.000000,PMPI_Reduce
State,rank-113,MPI_STATE,0.006214,0.006214,0.000000,0.000000,PMPI_Reduce
State,rank-113,MPI_STATE,0.006215,0.006604,0.000389,0.000000,PMPI_Barrier
State,rank-113,MPI_STATE,0.006605,0.006605,0.000000,0.000000,PMPI_Finalize
State,rank-112,MPI_STATE,0.000000,0.000000,0.000000,0.000000,PMPI_Init
State,rank-112,MPI_STATE,0.000027,0.000250,0.000223,0.000000,PMPI_Barrier
State,rank-112,MPI_STATE,0.000254,0.002900,0.002646,0.000000,PMPI_Bcast
State,rank-112,MPI_STATE,0.005984,0.005984,0.000000,0.000000,PMPI_Reduce
State,rank-112,MPI_STATE,0.005986,0.005986,0.000000,0.000000,PMPI_Reduce
State,rank-112,MPI_STATE,0.005987,0.006604,0.000617,0.000000,PMPI_Barrier
State,rank-112,MPI_STATE,0.006606,0.006606,0.000000,0.000000,PMPI_Finalize
State,rank-111,MPI_STATE,0.000000,0.000000,0.000000,0.000000,PMPI_Init
State,rank-111,MPI_STATE,0.000026,0.000250,0.000224,0.000000,PMPI_Barrier
State,rank-111,MPI_STATE,0.000253,0.002900,0.002647,0.000000,PMPI_Bcast
State,rank-111,MPI_STATE,0.006181,0.006181,0.000000,0.000000,PMPI_Reduce
State,rank-111,MPI_STATE,0.006183,0.006183,0.000000,0.000000,PMPI_Reduce
State,rank-111,MPI_STATE,0.006185,0.006604,0.000419,0.000000,PMPI_Barrier
State,rank-111,MPI_STATE,0.006607,0.006607,0.000000,0.000000,PMPI_Finalize
State,rank-110,MPI_STATE,0.000000,0.000000,0.000000,0.000000,PMPI_Init
State,rank-110,MPI_STATE,0.000027,0.000250,0.000223,0.000000,PMPI_Barrier
State,rank-110,MPI_STATE,0.000254,0.002900,0.002646,0.000000,PMPI_Bcast
State,rank-110,MPI_STATE,0.005969,0.005969,0.000000,0.000000,PMPI_Reduce
State,rank-110,MPI_STATE,0.005971,0.005971,0.000000,0.000000,PMPI_Reduce
State,rank-110,MPI_STATE,0.005973,0.006604,0.000631,0.000000,PMPI_Barrier
State,rank-110,MPI_STATE,0.006606,0.006606,0.000000,0.000000,PMPI_Finalize
State,rank-109,MPI_STATE,0.000000,0.000000,0.000000,0.000000,PMPI_Init
State,rank-109,MPI_STATE,0.000028,0.000250,0.000222,0.000000,PMPI_Barrier
State,rank-109,MPI_STATE,0.000253,0.002900,0.002647,0.000000,PMPI_Bcast
State,rank-109,MPI_STATE,0.006316,0.006316,0.000000,0.000000,PMPI_Reduce
State,rank-109,MPI_STATE,0.006319,0.006319,0.000000,0.000000,PMPI_Reduce
State,rank-109,MPI_STATE,0.006321,0.006604,0.000283,0.000000,PMPI_Barrier
State,rank-109,MPI_STATE,0.006605,0.006605,0.000000,0.000000,PMPI_Finalize
State,rank-10,MPI_STATE,0.000000,0.000000,0.000000,0.000000,PMPI_Init
State,rank-10,MPI_STATE,0.000026,0.000249,0.000223,0.000000,PMPI_Barrier
State,rank-10,MPI_STATE,0.000252,0.002900,0.002648,0.000000,PMPI_Bcast
State,rank-10,MPI_STATE,0.005929,0.005929,0.000000,0.000000,PMPI_Reduce
State,rank-10,MPI_STATE,0.005931,0.005931,0.000000,0.000000,PMPI_Reduce
State,rank-10,MPI_STATE,0.005933,0.006603,0.000670,0.000000,PMPI_Barrier
State,rank-10,MPI_STATE,0.006605,0.006605,0.000000,0.000000,PMPI_Finalize
State,rank-108,MPI_STATE,0.000000,0.000000,0.000000,0.000000,PMPI_Init
State,rank-108,MPI_STATE,0.000029,0.000250,0.000221,0.000000,PMPI_Barrier
State,rank-108,MPI_STATE,0.000253,0.002900,0.002647,0.000000,PMPI_Bcast
State,rank-108,MPI_STATE,0.005949,0.005949,0.000000,0.000000,PMPI_Reduce
State,rank-108,MPI_STATE,0.005951,0.005951,0.000000,0.000000,PMPI_Reduce
State,rank-108,MPI_STATE,0.005953,0.006604,0.000651,0.000000,PMPI_Barrier
State,rank-108,MPI_STATE,0.006607,0.006607,0.000000,0.000000,PMPI_Finalize
State,rank-107,MPI_STATE,0.000000,0.000000,0.000000,0.000000,PMPI_Init
State,rank-107,MPI_STATE,0.000025,0.000250,0.000225,0.000000,PMPI_Barrier
State,rank-107,MPI_STATE,0.000254,0.002900,0.002646,0.000000,PMPI_Bcast
State,rank-107,MPI_STATE,0.006183,0.006183,0.000000,0.000000,PMPI_Reduce
State,rank-107,MPI_STATE,0.006185,0.006185,0.000000,0.000000,PMPI_Reduce
State,rank-107,MPI_STATE,0.006186,0.006604,0.000418,0.000000,PMPI_Barrier
State,rank-107,MPI_STATE,0.006605,0.006605,0.000000,0.000000,PMPI_Finalize
State,rank-106,MPI_STATE,0.000000,0.000000,0.000000,0.000000,PMPI_Init
State,rank-106,MPI_STATE,0.000027,0.000250,0.000223,0.000000,PMPI_Barrier
State,rank-106,MPI_STATE,0.000253,0.002900,0.002647,0.000000,PMPI_Bcast
State,rank-106,MPI_STATE,0.006012,0.006012,0.000000,0.000000,PMPI_Reduce
State,rank-106,MPI_STATE,0.006015,0.006015,0.000000,0.000000,PMPI_Reduce
State,rank-106,MPI_STATE,0.006017,0.006604,0.000587,0.000000,PMPI_Barrier
State,rank-106,MPI_STATE,0.006605,0.006605,0.000000,0.000000,PMPI_Finalize
State,rank-105,MPI_STATE,0.000000,0.000000,0.000000,0.000000,PMPI_Init
State,rank-105,MPI_STATE,0.000025,0.000250,0.000225,0.000000,PMPI_Barrier
State,rank-105,MPI_STATE,0.000254,0.002900,0.002646,0.000000,PMPI_Bcast
State,rank-105,MPI_STATE,0.006247,0.006247,0.000000,0.000000,PMPI_Reduce
State,rank-105,MPI_STATE,0.006249,0.006249,0.000000,0.000000,PMPI_Reduce
State,rank-105,MPI_STATE,0.006251,0.006604,0.000353,0.000000,PMPI_Barrier
State,rank-105,MPI_STATE,0.006606,0.006606,0.000000,0.000000,PMPI_Finalize
State,rank-104,MPI_STATE,0.000000,0.000000,0.000000,0.000000,PMPI_Init
State,rank-104,MPI_STATE,0.000026,0.000250,0.000224,0.000000,PMPI_Barrier
State,rank-104,MPI_STATE,0.000252,0.002900,0.002648,0.000000,PMPI_Bcast
State,rank-104,MPI_STATE,0.006035,0.006035,0.000000,0.000000,PMPI_Reduce
State,rank-104,MPI_STATE,0.006037,0.006037,0.000000,0.000000,PMPI_Reduce
State,rank-104,MPI_STATE,0.006038,0.006604,0.000566,0.000000,PMPI_Barrier
State,rank-104,MPI_STATE,0.006606,0.006606,0.000000,0.000000,PMPI_Finalize
State,rank-103,MPI_STATE,0.000000,0.000000,0.000000,0.000000,PMPI_Init
State,rank-103,MPI_STATE,0.000025,0.000250,0.000225,0.000000,PMPI_Barrier
State,rank-103,MPI_STATE,0.000253,0.002900,0.002647,0.000000,PMPI_Bcast
State,rank-103,MPI_STATE,0.006273,0.006273,0.000000,0.000000,PMPI_Reduce
State,rank-103,MPI_STATE,0.006275,0.006275,0.000000,0.000000,PMPI_Reduce
State,rank-103,MPI_STATE,0.006277,0.006604,0.000327,0.000000,PMPI_Barrier
State,rank-103,MPI_STATE,0.006606,0.006606,0.000000,0.000000,PMPI_Finalize
State,rank-102,MPI_STATE,0.000000,0.000000,0.000000,0.000000,PMPI_Init
State,rank-102,MPI_STATE,0.000025,0.000250,0.000225,0.000000,PMPI_Barrier
State,rank-102,MPI_STATE,0.000254,0.002900,0.002646,0.000000,PMPI_Bcast
State,rank-102,MPI_STATE,0.005936,0.005936,0.000000,0.000000,PMPI_Reduce
State,rank-102,MPI_STATE,0.005938,0.005938,0.000000,0.000000,PMPI_Reduce
State,rank-102,MPI_STATE,0.005941,0.006604,0.000663,0.000000,PMPI_Barrier
State,rank-102,MPI_STATE,0.006605,0.006605,0.000000,0.000000,PMPI_Finalize
State,rank-101,MPI_STATE,0.000000,0.000000,0.000000,0.000000,PMPI_Init
State,rank-101,MPI_STATE,0.000027,0.000250,0.000223,0.000000,PMPI_Barrier
State,rank-101,MPI_STATE,0.000254,0.002900,0.002646,0.000000,PMPI_Bcast
State,rank-101,MPI_STATE,0.006184,0.006184,0.000000,0.000000,PMPI_Reduce
State,rank-101,MPI_STATE,0.006186,0.006186,0.000000,0.000000,PMPI_Reduce
State,rank-101,MPI_STATE,0.006189,0.006604,0.000415,0.000000,PMPI_Barrier
State,rank-101,MPI_STATE,0.006606,0.006606,0.000000,0.000000,PMPI_Finalize
State,rank-100,MPI_STATE,0.000000,0.000000,0.000000,0.000000,PMPI_Init
State,rank-100,MPI_STATE,0.000026,0.000250,0.000224,0.000000,PMPI_Barrier
State,rank-100,MPI_STATE,0.000254,0.002900,0.002646,0.000000,PMPI_Bcast
State,rank-100,MPI_STATE,0.005951,0.005951,0.000000,0.000000,PMPI_Reduce
State,rank-100,MPI_STATE,0.005953,0.005953,0.000000,0.000000,PMPI_Reduce
State,rank-100,MPI_STATE,0.005954,0.006604,0.000650,0.000000,PMPI_Barrier
State,rank-100,MPI_STATE,0.006605,0.006605,0.000000,0.000000,PMPI_Finalize
State,rank-99,MPI_STATE,0.000000,0.000000,0.000000,0.000000,PMPI_Init
State,rank-99,MPI_STATE,0.000026,0.000250,0.000224,0.000000,PMPI_Barrier
State,rank-99,MPI_STATE,0.000253,0.002900,0.002647,0.000000,PMPI_Bcast
State,rank-99,MPI_STATE,0.006230,0.006230,0.000000,0.000000,PMPI_Reduce
State,rank-99,MPI_STATE,0.006233,0.006233,0.000000,0.000000,PMPI_Reduce
State,rank-99,MPI_STATE,0.006234,0.006604,0.000370,0.000000,PMPI_Barrier
State,rank-99,MPI_STATE,0.006606,0.006606,0.000000,0.000000,PMPI_Finalize
State,rank-9,MPI_STATE,0.000000,0.000000,0.000000,0.000000,PMPI_Init
State,rank-9,MPI_STATE,0.000028,0.000249,0.000221,0.000000,PMPI_Barrier
State,rank-9,MPI_STATE,0.000253,0.002900,0.002647,0.000000,PMPI_Bcast
State,rank-9,MPI_STATE,0.006221,0.006221,0.000000,0.000000,PMPI_Reduce
State,rank-9,MPI_STATE,0.006223,0.006223,0.000000,0.000000,PMPI_Reduce
State,rank-9,MPI_STATE,0.006225,0.006603,0.000378,0.000000,PMPI_Barrier
State,rank-9,MPI_STATE,0.006605,0.006605,0.000000,0.000000,PMPI_Finalize
State,rank-0,MPI_STATE,0.000000,0.000000,0.000000,0.000000,PMPI_Init
State,rank-0,MPI_STATE,0.000248,0.000249,0.000001,0.000000,PMPI_Barrier
State,rank-0,MPI_STATE,0.000255,0.002900,0.002645,0.000000,PMPI_Bcast
State,rank-0,MPI_STATE,0.005931,0.006596,0.000665,0.000000,PMPI_Reduce
State,rank-0,MPI_STATE,0.006598,0.006599,0.000001,0.000000,PMPI_Reduce
State,rank-0,MPI_STATE,0.006602,0.006603,0.000001,0.000000,PMPI_Barrier
State,rank-0,MPI_STATE,0.006643,0.006643,0.000000,0.000000,PMPI_Finalize
