algorithm,nodes,msg_bytes,nchunks,n_roots,mean_sec,stdev_sec,min_sec,max_sec
bbs,16,8192,4,16,2.202758512e-06,4.627256233e-07,1.428116942e-06,2.906155266e-06
bbs,16,16384,4,16,2.880652833e-06,5.819360885e-07,1.940993957e-06,3.786494792e-06
bbs,16,24576,4,16,3.207086206e-06,6.370235305e-07,2.222525113e-06,4.211266531e-06
bbs,16,32768,4,16,3.676741003e-06,7.150252077e-07,2.612765023e-06,4.80561834e-06
bbs,16,49152,6,16,3.978948413e-06,6.451615426e-07,2.963774919e-06,5.001453276e-06
bbs,16,65536,8,16,4.545845425e-06,6.764137015e-07,3.469852042e-06,5.627377269e-06
bbs,16,262144,32,16,9.367292719e-06,6.635839117e-07,8.512301202e-06,1.064239419e-05
bbs,16,1048576,128,16,2.911071042e-05,9.716951704e-07,2.69039052e-05,3.069881364e-05
bbs,16,4194304,512,16,0.0001089818326,2.410147134e-06,0.0001003722239,0.0001109209434
bbs,16,16777216,2048,16,0.0004289489282,7.55741965e-06,0.0004003966293,0.0004329875471
bbs,16,67108864,8192,16,0.001711950096,1.710922696e-05,0.001648845953,0.0017219927
bbs,16,134217728,16384,16,0.003425731081,1.840545738e-05,0.003366127801,0.003440657218
bine,16,8192,1,16,2.977682729e-06,4.931883355e-07,1.877648018e-06,3.665513945e-06
bine,16,16384,1,16,6.0726945e-06,8.236817937e-07,4.39339293e-06,7.367873458e-06
bine,16,24576,1,16,7.642486586e-06,1.033078515e-06,5.835324341e-06,9.441170657e-06
bine,16,32768,1,16,9.247531902e-06,1.259679429e-06,7.301721137e-06,1.151446786e-05
bine,16,49152,1,16,1.252098887e-05,1.742562295e-06,9.827674287e-06,1.566106225e-05
bine,16,65536,1,16,1.972983984e-05,1.616119169e-06,1.519857692e-05,2.189712677e-05
bine,16,262144,1,16,4.43532773e-05,4.018692702e-06,3.675431489e-05,5.075117184e-05
bine,16,1048576,1,16,0.0001445405498,1.495185221e-05,0.0001169632502,0.000174439471
bine,16,4194304,1,16,0.0005457665093,6.026100767e-05,0.0004335925922,0.00066953341
bine,16,16777216,1,16,0.002151909683,0.0002421220806,0.00170010996,0.002650117971
bine,16,67108864,1,16,0.008578622017,0.0009688455182,0.006766179433,0.01057316321
bine,16,134217728,1,16,0.01714757179,0.001937818183,0.01352093873,0.02113722353
glf,16,8192,1,16,2.592831417e-06,2.894712061e-07,2.134372852e-06,3.076489768e-06
glf,16,16384,1,16,5.470210751e-06,5.053858918e-07,4.529116426e-06,6.255493605e-06
glf,16,24576,1,16,6.958558635e-06,6.469148409e-07,5.805920936e-06,7.920001385e-06
glf,16,32768,1,16,8.408002035e-06,7.989763812e-07,7.107579874e-06,9.998951783e-06
glf,16,49152,1,16,1.137265002e-05,1.225843823e-06,9.710897751e-06,1.41185882e-05
glf,16,65536,1,16,1.988125807e-05,1.592744438e-06,1.614881505e-05,2.30943889e-05
glf,16,262144,1,16,4.653294961e-05,2.89000521e-06,4.135770818e-05,5.08838324e-05
glf,16,1048576,1,16,0.0001542420133,1.101002849e-05,0.0001388024786,0.0001814055016
glf,16,4194304,1,16,0.0005879145516,4.585470124e-05,0.0005284565812,0.0007060036413
glf,16,16777216,1,16,0.002322737023,0.0001861001537,0.002087072992,0.0028043962
glf,16,67108864,1,16,0.009262111638,0.0007472320347,0.008321538633,0.01119796643
glf,16,134217728,1,16,0.01851461113,0.001495415667,0.01663415949,0.02238939341
mpi,16,8192,1,16,2.846129941e-06,3.699757325e-07,2.134372852e-06,3.473995826e-06
mpi,16,16384,1,16,5.92096458e-06,6.719766134e-07,4.586510769e-06,7.175340895e-06
mpi,16,24576,1,16,7.506631184e-06,8.591318235e-07,5.805920936e-06,9.10049533e-06
mpi,16,32768,1,16,9.15241683e-06,1.016685624e-06,7.107579874e-06,1.086572538e-05
mpi,16,49152,1,16,1.249185428e-05,1.458827165e-06,9.710897751e-06,1.497242202e-05
mpi,16,65536,1,16,1.942298402e-05,9.014233683e-07,1.807177408e-05,2.053804307e-05
mpi,16,262144,1,16,4.545007938e-05,2.06328876e-06,4.242523335e-05,4.817694826e-05
mpi,16,1048576,1,16,0.0001536727604,1.145159774e-05,0.000139838759,0.000169079765
mpi,16,4194304,1,16,0.000586900025,5.013339027e-05,0.0005236940668,0.0006526910322
mpi,16,16777216,1,16,0.002319809084,0.0002049941264,0.002057813641,0.002587136101
mpi,16,67108864,1,16,0.009251445318,0.0008244667112,0.008194291939,0.01032491638
mpi,16,134217728,1,16,0.01849362696,0.001650432398,0.016376263,0.02064195674
pipe,16,8192,4,16,8.471436567e-06,2.003186977e-07,8.029478433e-06,8.879572814e-06
pipe,16,16384,4,16,1.051939962e-05,2.130333486e-07,1.01154974e-05,1.098701683e-05
pipe,16,24576,4,16,1.198073687e-05,2.258457264e-07,1.155595909e-05,1.247791703e-05
pipe,16,32768,4,16,1.291542158e-05,2.435029692e-07,1.250041749e-05,1.340600206e-05
pipe,16,49152,6,16,1.493251745e-05,2.728073372e-07,1.444420794e-05,1.535782565e-05
pipe,16,65536,8,16,1.684303555e-05,2.642614451e-07,1.637767086e-05,1.716527615e-05
pipe,16,262144,32,16,4.04563789e-05,8.494338196e-07,3.890761016e-05,4.153385472e-05
pipe,16,1048576,128,16,0.0001355215198,3.950796143e-06,0.0001284578753,0.0001387377311
pipe,16,4194304,512,16,0.0005157821357,1.670436609e-05,0.0004865649955,0.0005275502585
pipe,16,16777216,2048,16,0.002036860556,6.7736305e-05,0.001919319697,0.002082797211
pipe,16,67108864,8192,16,0.008121277538,0.0002716921448,0.007651958742,0.008303809214
pipe,16,134217728,16384,16,0.01623373305,0.0005437527333,0.01529461043,0.01659848163
srda,16,8192,1,16,3.723902096e-06,6.663150392e-08,3.635930789e-06,3.876192722e-06
srda,16,16384,1,16,4.220616846e-06,1.08561368e-07,4.062798267e-06,4.486623008e-06
srda,16,24576,1,16,6.104317005e-06,9.110458713e-08,5.975427002e-06,6.351507754e-06
srda,16,32768,1,16,6.925216596e-06,8.979223722e-08,6.779226892e-06,7.097704886e-06
srda,16,49152,1,16,9.608202694e-06,1.123473169e-07,9.367804387e-06,9.787188884e-06
srda,16,65536,1,16,1.175716748e-05,1.292962397e-07,1.148613849e-05,1.196122198e-05
srda,16,262144,1,16,3.72034385e-05,6.048669121e-07,3.637605044e-05,3.842066493e-05
srda,16,1048576,1,16,0.0001277772307,1.581377047e-06,0.0001254872044,0.000130492519
srda,16,4194304,1,16,0.00048163251,5.617639404e-06,0.0004709153725,0.0004895777027
srda,16,16777216,1,16,0.001898393946,2.037411753e-05,0.00185812647,0.001926988958
srda,16,67108864,1,16,0.007565329163,7.932300609e-05,0.007404587409,0.007676633978
srda,16,134217728,1,16,0.01512168521,0.0001575486964,0.0147999276,0.01534282734
